[
  {
    "published": true,
    "title": "Game-Of-Set",
    "description": "It is a Ruby-based Set card game with a GTK3 graphical user interface, it allows you to select and deselect cards by clicking on it.",
    "date": "2023-09-19T00:00:00.000Z",
    "repository": "cse3901-osu-2023au-910/group4-rubyset",
    "body": {
      "raw": "",
      "code": "var Component=(()=>{var dr=Object.create;var I=Object.defineProperty;var vr=Object.getOwnPropertyDescriptor;var pr=Object.getOwnPropertyNames;var br=Object.getPrototypeOf,gr=Object.prototype.hasOwnProperty;var q=(s,l)=>()=>(l||s((l={exports:{}}).exports,l),l.exports),hr=(s,l)=>{for(var g in l)I(s,g,{get:l[g],enumerable:!0})},Te=(s,l,g,m)=>{if(l&&typeof l==\"object\"||typeof l==\"function\")for(let y of pr(l))!gr.call(s,y)&&y!==g&&I(s,y,{get:()=>l[y],enumerable:!(m=vr(l,y))||m.enumerable});return s};var yr=(s,l,g)=>(g=s!=null?dr(br(s)):{},Te(l||!s||!s.__esModule?I(g,\"default\",{value:s,enumerable:!0}):g,s)),mr=s=>Te(I({},\"__esModule\",{value:!0}),s);var Ce=q((Cr,we)=>{we.exports=React});var Oe=q(z=>{\"use strict\";(function(){\"use strict\";var s=Ce(),l=Symbol.for(\"react.element\"),g=Symbol.for(\"react.portal\"),m=Symbol.for(\"react.fragment\"),y=Symbol.for(\"react.strict_mode\"),H=Symbol.for(\"react.profiler\"),J=Symbol.for(\"react.provider\"),Z=Symbol.for(\"react.context\"),j=Symbol.for(\"react.forward_ref\"),W=Symbol.for(\"react.suspense\"),Y=Symbol.for(\"react.suspense_list\"),x=Symbol.for(\"react.memo\"),$=Symbol.for(\"react.lazy\"),xe=Symbol.for(\"react.offscreen\"),Q=Symbol.iterator,ke=\"@@iterator\";function De(e){if(e===null||typeof e!=\"object\")return null;var r=Q&&e[Q]||e[ke];return typeof r==\"function\"?r:null}var R=s.__SECRET_INTERNALS_DO_NOT_USE_OR_YOU_WILL_BE_FIRED;function d(e){{for(var r=arguments.length,t=new Array(r>1?r-1:0),n=1;n<r;n++)t[n-1]=arguments[n];Fe(\"error\",e,t)}}function Fe(e,r,t){{var n=R.ReactDebugCurrentFrame,o=n.getStackAddendum();o!==\"\"&&(r+=\"%s\",t=t.concat([o]));var u=t.map(function(i){return String(i)});u.unshift(\"Warning: \"+r),Function.prototype.apply.call(console[e],console,u)}}var Ae=!1,Ie=!1,We=!1,Ye=!1,$e=!1,ee;ee=Symbol.for(\"react.module.reference\");function Me(e){return!!(typeof e==\"string\"||typeof e==\"function\"||e===m||e===H||$e||e===y||e===W||e===Y||Ye||e===xe||Ae||Ie||We||typeof e==\"object\"&&e!==null&&(e.$$typeof===$||e.$$typeof===x||e.$$typeof===J||e.$$typeof===Z||e.$$typeof===j||e.$$typeof===ee||e.getModuleId!==void 0))}function Ve(e,r,t){var n=e.displayName;if(n)return n;var o=r.displayName||r.name||\"\";return o!==\"\"?t+\"(\"+o+\")\":t}function re(e){return e.displayName||\"Context\"}function h(e){if(e==null)return null;if(typeof e.tag==\"number\"&&d(\"Received an unexpected object in getComponentNameFromType(). This is likely a bug in React. Please file an issue.\"),typeof e==\"function\")return e.displayName||e.name||null;if(typeof e==\"string\")return e;switch(e){case m:return\"Fragment\";case g:return\"Portal\";case H:return\"Profiler\";case y:return\"StrictMode\";case W:return\"Suspense\";case Y:return\"SuspenseList\"}if(typeof e==\"object\")switch(e.$$typeof){case Z:var r=e;return re(r)+\".Consumer\";case J:var t=e;return re(t._context)+\".Provider\";case j:return Ve(e,e.render,\"ForwardRef\");case x:var n=e.displayName||null;return n!==null?n:h(e.type)||\"Memo\";case $:{var o=e,u=o._payload,i=o._init;try{return h(i(u))}catch{return null}}}return null}var E=Object.assign,O=0,te,ne,ae,ie,oe,ue,se;function le(){}le.__reactDisabledLog=!0;function Ne(){{if(O===0){te=console.log,ne=console.info,ae=console.warn,ie=console.error,oe=console.group,ue=console.groupCollapsed,se=console.groupEnd;var e={configurable:!0,enumerable:!0,value:le,writable:!0};Object.defineProperties(console,{info:e,log:e,warn:e,error:e,group:e,groupCollapsed:e,groupEnd:e})}O++}}function Le(){{if(O--,O===0){var e={configurable:!0,enumerable:!0,writable:!0};Object.defineProperties(console,{log:E({},e,{value:te}),info:E({},e,{value:ne}),warn:E({},e,{value:ae}),error:E({},e,{value:ie}),group:E({},e,{value:oe}),groupCollapsed:E({},e,{value:ue}),groupEnd:E({},e,{value:se})})}O<0&&d(\"disabledDepth fell below zero. This is a bug in React. Please file an issue.\")}}var M=R.ReactCurrentDispatcher,V;function k(e,r,t){{if(V===void 0)try{throw Error()}catch(o){var n=o.stack.trim().match(/\\n( *(at )?)/);V=n&&n[1]||\"\"}return`\n`+V+e}}var N=!1,D;{var Ue=typeof WeakMap==\"function\"?WeakMap:Map;D=new Ue}function fe(e,r){if(!e||N)return\"\";{var t=D.get(e);if(t!==void 0)return t}var n;N=!0;var o=Error.prepareStackTrace;Error.prepareStackTrace=void 0;var u;u=M.current,M.current=null,Ne();try{if(r){var i=function(){throw Error()};if(Object.defineProperty(i.prototype,\"props\",{set:function(){throw Error()}}),typeof Reflect==\"object\"&&Reflect.construct){try{Reflect.construct(i,[])}catch(p){n=p}Reflect.construct(e,[],i)}else{try{i.call()}catch(p){n=p}e.call(i.prototype)}}else{try{throw Error()}catch(p){n=p}e()}}catch(p){if(p&&n&&typeof p.stack==\"string\"){for(var a=p.stack.split(`\n`),v=n.stack.split(`\n`),f=a.length-1,c=v.length-1;f>=1&&c>=0&&a[f]!==v[c];)c--;for(;f>=1&&c>=0;f--,c--)if(a[f]!==v[c]){if(f!==1||c!==1)do if(f--,c--,c<0||a[f]!==v[c]){var b=`\n`+a[f].replace(\" at new \",\" at \");return e.displayName&&b.includes(\"<anonymous>\")&&(b=b.replace(\"<anonymous>\",e.displayName)),typeof e==\"function\"&&D.set(e,b),b}while(f>=1&&c>=0);break}}}finally{N=!1,M.current=u,Le(),Error.prepareStackTrace=o}var w=e?e.displayName||e.name:\"\",_=w?k(w):\"\";return typeof e==\"function\"&&D.set(e,_),_}function Ke(e,r,t){return fe(e,!1)}function Be(e){var r=e.prototype;return!!(r&&r.isReactComponent)}function F(e,r,t){if(e==null)return\"\";if(typeof e==\"function\")return fe(e,Be(e));if(typeof e==\"string\")return k(e);switch(e){case W:return k(\"Suspense\");case Y:return k(\"SuspenseList\")}if(typeof e==\"object\")switch(e.$$typeof){case j:return Ke(e.render);case x:return F(e.type,r,t);case $:{var n=e,o=n._payload,u=n._init;try{return F(u(o),r,t)}catch{}}}return\"\"}var S=Object.prototype.hasOwnProperty,ce={},de=R.ReactDebugCurrentFrame;function A(e){if(e){var r=e._owner,t=F(e.type,e._source,r?r.type:null);de.setExtraStackFrame(t)}else de.setExtraStackFrame(null)}function Ge(e,r,t,n,o){{var u=Function.call.bind(S);for(var i in e)if(u(e,i)){var a=void 0;try{if(typeof e[i]!=\"function\"){var v=Error((n||\"React class\")+\": \"+t+\" type `\"+i+\"` is invalid; it must be a function, usually from the `prop-types` package, but received `\"+typeof e[i]+\"`.This often happens because of typos such as `PropTypes.function` instead of `PropTypes.func`.\");throw v.name=\"Invariant Violation\",v}a=e[i](r,i,n,t,null,\"SECRET_DO_NOT_PASS_THIS_OR_YOU_WILL_BE_FIRED\")}catch(f){a=f}a&&!(a instanceof Error)&&(A(o),d(\"%s: type specification of %s `%s` is invalid; the type checker function must return `null` or an `Error` but returned a %s. You may have forgotten to pass an argument to the type checker creator (arrayOf, instanceOf, objectOf, oneOf, oneOfType, and shape all require an argument).\",n||\"React class\",t,i,typeof a),A(null)),a instanceof Error&&!(a.message in ce)&&(ce[a.message]=!0,A(o),d(\"Failed %s type: %s\",t,a.message),A(null))}}}var Xe=Array.isArray;function L(e){return Xe(e)}function qe(e){{var r=typeof Symbol==\"function\"&&Symbol.toStringTag,t=r&&e[Symbol.toStringTag]||e.constructor.name||\"Object\";return t}}function ze(e){try{return ve(e),!1}catch{return!0}}function ve(e){return\"\"+e}function pe(e){if(ze(e))return d(\"The provided key is an unsupported type %s. This value must be coerced to a string before before using it here.\",qe(e)),ve(e)}var P=R.ReactCurrentOwner,He={key:!0,ref:!0,__self:!0,__source:!0},be,ge,U;U={};function Je(e){if(S.call(e,\"ref\")){var r=Object.getOwnPropertyDescriptor(e,\"ref\").get;if(r&&r.isReactWarning)return!1}return e.ref!==void 0}function Ze(e){if(S.call(e,\"key\")){var r=Object.getOwnPropertyDescriptor(e,\"key\").get;if(r&&r.isReactWarning)return!1}return e.key!==void 0}function Qe(e,r){if(typeof e.ref==\"string\"&&P.current&&r&&P.current.stateNode!==r){var t=h(P.current.type);U[t]||(d('Component \"%s\" contains the string ref \"%s\". Support for string refs will be removed in a future major release. This case cannot be automatically converted to an arrow function. We ask you to manually fix this case by using useRef() or createRef() instead. Learn more about using refs safely here: https://reactjs.org/link/strict-mode-string-ref',h(P.current.type),e.ref),U[t]=!0)}}function er(e,r){{var t=function(){be||(be=!0,d(\"%s: `key` is not a prop. Trying to access it will result in `undefined` being returned. If you need to access the same value within the child component, you should pass it as a different prop. (https://reactjs.org/link/special-props)\",r))};t.isReactWarning=!0,Object.defineProperty(e,\"key\",{get:t,configurable:!0})}}function rr(e,r){{var t=function(){ge||(ge=!0,d(\"%s: `ref` is not a prop. Trying to access it will result in `undefined` being returned. If you need to access the same value within the child component, you should pass it as a different prop. (https://reactjs.org/link/special-props)\",r))};t.isReactWarning=!0,Object.defineProperty(e,\"ref\",{get:t,configurable:!0})}}var tr=function(e,r,t,n,o,u,i){var a={$$typeof:l,type:e,key:r,ref:t,props:i,_owner:u};return a._store={},Object.defineProperty(a._store,\"validated\",{configurable:!1,enumerable:!1,writable:!0,value:!1}),Object.defineProperty(a,\"_self\",{configurable:!1,enumerable:!1,writable:!1,value:n}),Object.defineProperty(a,\"_source\",{configurable:!1,enumerable:!1,writable:!1,value:o}),Object.freeze&&(Object.freeze(a.props),Object.freeze(a)),a};function nr(e,r,t,n,o){{var u,i={},a=null,v=null;t!==void 0&&(pe(t),a=\"\"+t),Ze(r)&&(pe(r.key),a=\"\"+r.key),Je(r)&&(v=r.ref,Qe(r,o));for(u in r)S.call(r,u)&&!He.hasOwnProperty(u)&&(i[u]=r[u]);if(e&&e.defaultProps){var f=e.defaultProps;for(u in f)i[u]===void 0&&(i[u]=f[u])}if(a||v){var c=typeof e==\"function\"?e.displayName||e.name||\"Unknown\":e;a&&er(i,c),v&&rr(i,c)}return tr(e,a,v,o,n,P.current,i)}}var K=R.ReactCurrentOwner,he=R.ReactDebugCurrentFrame;function T(e){if(e){var r=e._owner,t=F(e.type,e._source,r?r.type:null);he.setExtraStackFrame(t)}else he.setExtraStackFrame(null)}var B;B=!1;function G(e){return typeof e==\"object\"&&e!==null&&e.$$typeof===l}function ye(){{if(K.current){var e=h(K.current.type);if(e)return`\n\nCheck the render method of \\``+e+\"`.\"}return\"\"}}function ar(e){{if(e!==void 0){var r=e.fileName.replace(/^.*[\\\\\\/]/,\"\"),t=e.lineNumber;return`\n\nCheck your code at `+r+\":\"+t+\".\"}return\"\"}}var me={};function ir(e){{var r=ye();if(!r){var t=typeof e==\"string\"?e:e.displayName||e.name;t&&(r=`\n\nCheck the top-level render call using <`+t+\">.\")}return r}}function Ee(e,r){{if(!e._store||e._store.validated||e.key!=null)return;e._store.validated=!0;var t=ir(r);if(me[t])return;me[t]=!0;var n=\"\";e&&e._owner&&e._owner!==K.current&&(n=\" It was passed a child from \"+h(e._owner.type)+\".\"),T(e),d('Each child in a list should have a unique \"key\" prop.%s%s See https://reactjs.org/link/warning-keys for more information.',t,n),T(null)}}function _e(e,r){{if(typeof e!=\"object\")return;if(L(e))for(var t=0;t<e.length;t++){var n=e[t];G(n)&&Ee(n,r)}else if(G(e))e._store&&(e._store.validated=!0);else if(e){var o=De(e);if(typeof o==\"function\"&&o!==e.entries)for(var u=o.call(e),i;!(i=u.next()).done;)G(i.value)&&Ee(i.value,r)}}}function or(e){{var r=e.type;if(r==null||typeof r==\"string\")return;var t;if(typeof r==\"function\")t=r.propTypes;else if(typeof r==\"object\"&&(r.$$typeof===j||r.$$typeof===x))t=r.propTypes;else return;if(t){var n=h(r);Ge(t,e.props,\"prop\",n,e)}else if(r.PropTypes!==void 0&&!B){B=!0;var o=h(r);d(\"Component %s declared `PropTypes` instead of `propTypes`. Did you misspell the property assignment?\",o||\"Unknown\")}typeof r.getDefaultProps==\"function\"&&!r.getDefaultProps.isReactClassApproved&&d(\"getDefaultProps is only used on classic React.createClass definitions. Use a static property named `defaultProps` instead.\")}}function ur(e){{for(var r=Object.keys(e.props),t=0;t<r.length;t++){var n=r[t];if(n!==\"children\"&&n!==\"key\"){T(e),d(\"Invalid prop `%s` supplied to `React.Fragment`. React.Fragment can only have `key` and `children` props.\",n),T(null);break}}e.ref!==null&&(T(e),d(\"Invalid attribute `ref` supplied to `React.Fragment`.\"),T(null))}}var Re={};function sr(e,r,t,n,o,u){{var i=Me(e);if(!i){var a=\"\";(e===void 0||typeof e==\"object\"&&e!==null&&Object.keys(e).length===0)&&(a+=\" You likely forgot to export your component from the file it's defined in, or you might have mixed up default and named imports.\");var v=ar(o);v?a+=v:a+=ye();var f;e===null?f=\"null\":L(e)?f=\"array\":e!==void 0&&e.$$typeof===l?(f=\"<\"+(h(e.type)||\"Unknown\")+\" />\",a=\" Did you accidentally export a JSX literal instead of a component?\"):f=typeof e,d(\"React.jsx: type is invalid -- expected a string (for built-in components) or a class/function (for composite components) but got: %s.%s\",f,a)}var c=nr(e,r,t,o,u);if(c==null)return c;if(i){var b=r.children;if(b!==void 0)if(n)if(L(b)){for(var w=0;w<b.length;w++)_e(b[w],e);Object.freeze&&Object.freeze(b)}else d(\"React.jsx: Static children should always be an array. You are likely explicitly calling React.jsxs or React.jsxDEV. Use the Babel transform instead.\");else _e(b,e)}if(S.call(r,\"key\")){var _=h(e),p=Object.keys(r).filter(function(cr){return cr!==\"key\"}),X=p.length>0?\"{key: someKey, \"+p.join(\": ..., \")+\": ...}\":\"{key: someKey}\";if(!Re[_+X]){var fr=p.length>0?\"{\"+p.join(\": ..., \")+\": ...}\":\"{}\";d(`A props object containing a \"key\" prop is being spread into JSX:\n  let props = %s;\n  <%s {...props} />\nReact keys must be passed directly to JSX without using spread:\n  let props = %s;\n  <%s key={someKey} {...props} />`,X,_,fr,_),Re[_+X]=!0}}return e===m?ur(c):or(c),c}}var lr=sr;z.Fragment=m,z.jsxDEV=lr})()});var Pe=q((Sr,Se)=>{\"use strict\";Se.exports=Oe()});var Tr={};hr(Tr,{default:()=>Rr,frontmatter:()=>Er});var C=yr(Pe()),Er={title:\"Game-Of-Set\",description:\"It is a Ruby-based Set card game with a GTK3 graphical user interface, it allows you to select and deselect cards by clicking on it.\",repository:\"cse3901-osu-2023au-910/group4-rubyset\",date:new Date(16950816e5),published:!0};function je(s){return(0,C.jsxDEV)(C.Fragment,{},void 0,!1,{fileName:\"/home/weiluo/weiluo.com/content/projects/_mdx_bundler_entry_point-f62e668f-7a22-4acc-8d6d-8940b8d99f71.mdx\",lineNumber:1,columnNumber:1},this)}function _r(s={}){let{wrapper:l}=s.components||{};return l?(0,C.jsxDEV)(l,Object.assign({},s,{children:(0,C.jsxDEV)(je,s,void 0,!1,{fileName:\"/home/weiluo/weiluo.com/content/projects/_mdx_bundler_entry_point-f62e668f-7a22-4acc-8d6d-8940b8d99f71.mdx\"},this)}),void 0,!1,{fileName:\"/home/weiluo/weiluo.com/content/projects/_mdx_bundler_entry_point-f62e668f-7a22-4acc-8d6d-8940b8d99f71.mdx\"},this):je(s)}var Rr=_r;return mr(Tr);})();\n/*! Bundled license information:\n\nreact/cjs/react-jsx-dev-runtime.development.js:\n  (**\n   * @license React\n   * react-jsx-dev-runtime.development.js\n   *\n   * Copyright (c) Facebook, Inc. and its affiliates.\n   *\n   * This source code is licensed under the MIT license found in the\n   * LICENSE file in the root directory of this source tree.\n   *)\n*/\n;return Component;"
    },
    "_id": "projects/Game_Of_Set.mdx",
    "_raw": {
      "sourceFilePath": "projects/Game_Of_Set.mdx",
      "sourceFileName": "Game_Of_Set.mdx",
      "sourceFileDir": "projects",
      "contentType": "mdx",
      "flattenedPath": "projects/Game_Of_Set"
    },
    "type": "Project",
    "path": "/projects/Game_Of_Set",
    "slug": "Game_Of_Set"
  },
  {
    "published": true,
    "title": "LeptJSON",
    "description": "This is a standards-compliant JSON parser and generator, developed using a handwritten recursive descent parser. Supported only UTF-8 JSON text and stored JSON number types as double for simplicity and efficiency.",
    "date": "2024-08-29T00:00:00.000Z",
    "repository": "WeiLuo-1/leptjson",
    "body": {
      "raw": "",
      "code": "var Component=(()=>{var dr=Object.create;var I=Object.defineProperty;var vr=Object.getOwnPropertyDescriptor;var pr=Object.getOwnPropertyNames;var br=Object.getPrototypeOf,gr=Object.prototype.hasOwnProperty;var G=(s,l)=>()=>(l||s((l={exports:{}}).exports,l),l.exports),hr=(s,l)=>{for(var g in l)I(s,g,{get:l[g],enumerable:!0})},Te=(s,l,g,m)=>{if(l&&typeof l==\"object\"||typeof l==\"function\")for(let y of pr(l))!gr.call(s,y)&&y!==g&&I(s,y,{get:()=>l[y],enumerable:!(m=vr(l,y))||m.enumerable});return s};var yr=(s,l,g)=>(g=s!=null?dr(br(s)):{},Te(l||!s||!s.__esModule?I(g,\"default\",{value:s,enumerable:!0}):g,s)),mr=s=>Te(I({},\"__esModule\",{value:!0}),s);var Oe=G((Or,we)=>{we.exports=React});var Se=G(q=>{\"use strict\";(function(){\"use strict\";var s=Oe(),l=Symbol.for(\"react.element\"),g=Symbol.for(\"react.portal\"),m=Symbol.for(\"react.fragment\"),y=Symbol.for(\"react.strict_mode\"),z=Symbol.for(\"react.profiler\"),H=Symbol.for(\"react.provider\"),Z=Symbol.for(\"react.context\"),j=Symbol.for(\"react.forward_ref\"),W=Symbol.for(\"react.suspense\"),Y=Symbol.for(\"react.suspense_list\"),x=Symbol.for(\"react.memo\"),$=Symbol.for(\"react.lazy\"),xe=Symbol.for(\"react.offscreen\"),Q=Symbol.iterator,ke=\"@@iterator\";function De(e){if(e===null||typeof e!=\"object\")return null;var r=Q&&e[Q]||e[ke];return typeof r==\"function\"?r:null}var R=s.__SECRET_INTERNALS_DO_NOT_USE_OR_YOU_WILL_BE_FIRED;function d(e){{for(var r=arguments.length,t=new Array(r>1?r-1:0),n=1;n<r;n++)t[n-1]=arguments[n];Fe(\"error\",e,t)}}function Fe(e,r,t){{var n=R.ReactDebugCurrentFrame,o=n.getStackAddendum();o!==\"\"&&(r+=\"%s\",t=t.concat([o]));var u=t.map(function(i){return String(i)});u.unshift(\"Warning: \"+r),Function.prototype.apply.call(console[e],console,u)}}var Ae=!1,Ie=!1,We=!1,Ye=!1,$e=!1,ee;ee=Symbol.for(\"react.module.reference\");function Ne(e){return!!(typeof e==\"string\"||typeof e==\"function\"||e===m||e===z||$e||e===y||e===W||e===Y||Ye||e===xe||Ae||Ie||We||typeof e==\"object\"&&e!==null&&(e.$$typeof===$||e.$$typeof===x||e.$$typeof===H||e.$$typeof===Z||e.$$typeof===j||e.$$typeof===ee||e.getModuleId!==void 0))}function Me(e,r,t){var n=e.displayName;if(n)return n;var o=r.displayName||r.name||\"\";return o!==\"\"?t+\"(\"+o+\")\":t}function re(e){return e.displayName||\"Context\"}function h(e){if(e==null)return null;if(typeof e.tag==\"number\"&&d(\"Received an unexpected object in getComponentNameFromType(). This is likely a bug in React. Please file an issue.\"),typeof e==\"function\")return e.displayName||e.name||null;if(typeof e==\"string\")return e;switch(e){case m:return\"Fragment\";case g:return\"Portal\";case z:return\"Profiler\";case y:return\"StrictMode\";case W:return\"Suspense\";case Y:return\"SuspenseList\"}if(typeof e==\"object\")switch(e.$$typeof){case Z:var r=e;return re(r)+\".Consumer\";case H:var t=e;return re(t._context)+\".Provider\";case j:return Me(e,e.render,\"ForwardRef\");case x:var n=e.displayName||null;return n!==null?n:h(e.type)||\"Memo\";case $:{var o=e,u=o._payload,i=o._init;try{return h(i(u))}catch{return null}}}return null}var E=Object.assign,S=0,te,ne,ae,ie,oe,ue,se;function le(){}le.__reactDisabledLog=!0;function Ve(){{if(S===0){te=console.log,ne=console.info,ae=console.warn,ie=console.error,oe=console.group,ue=console.groupCollapsed,se=console.groupEnd;var e={configurable:!0,enumerable:!0,value:le,writable:!0};Object.defineProperties(console,{info:e,log:e,warn:e,error:e,group:e,groupCollapsed:e,groupEnd:e})}S++}}function Le(){{if(S--,S===0){var e={configurable:!0,enumerable:!0,writable:!0};Object.defineProperties(console,{log:E({},e,{value:te}),info:E({},e,{value:ne}),warn:E({},e,{value:ae}),error:E({},e,{value:ie}),group:E({},e,{value:oe}),groupCollapsed:E({},e,{value:ue}),groupEnd:E({},e,{value:se})})}S<0&&d(\"disabledDepth fell below zero. This is a bug in React. Please file an issue.\")}}var N=R.ReactCurrentDispatcher,M;function k(e,r,t){{if(M===void 0)try{throw Error()}catch(o){var n=o.stack.trim().match(/\\n( *(at )?)/);M=n&&n[1]||\"\"}return`\n`+M+e}}var V=!1,D;{var Ue=typeof WeakMap==\"function\"?WeakMap:Map;D=new Ue}function ce(e,r){if(!e||V)return\"\";{var t=D.get(e);if(t!==void 0)return t}var n;V=!0;var o=Error.prepareStackTrace;Error.prepareStackTrace=void 0;var u;u=N.current,N.current=null,Ve();try{if(r){var i=function(){throw Error()};if(Object.defineProperty(i.prototype,\"props\",{set:function(){throw Error()}}),typeof Reflect==\"object\"&&Reflect.construct){try{Reflect.construct(i,[])}catch(p){n=p}Reflect.construct(e,[],i)}else{try{i.call()}catch(p){n=p}e.call(i.prototype)}}else{try{throw Error()}catch(p){n=p}e()}}catch(p){if(p&&n&&typeof p.stack==\"string\"){for(var a=p.stack.split(`\n`),v=n.stack.split(`\n`),c=a.length-1,f=v.length-1;c>=1&&f>=0&&a[c]!==v[f];)f--;for(;c>=1&&f>=0;c--,f--)if(a[c]!==v[f]){if(c!==1||f!==1)do if(c--,f--,f<0||a[c]!==v[f]){var b=`\n`+a[c].replace(\" at new \",\" at \");return e.displayName&&b.includes(\"<anonymous>\")&&(b=b.replace(\"<anonymous>\",e.displayName)),typeof e==\"function\"&&D.set(e,b),b}while(c>=1&&f>=0);break}}}finally{V=!1,N.current=u,Le(),Error.prepareStackTrace=o}var w=e?e.displayName||e.name:\"\",_=w?k(w):\"\";return typeof e==\"function\"&&D.set(e,_),_}function Be(e,r,t){return ce(e,!1)}function Ke(e){var r=e.prototype;return!!(r&&r.isReactComponent)}function F(e,r,t){if(e==null)return\"\";if(typeof e==\"function\")return ce(e,Ke(e));if(typeof e==\"string\")return k(e);switch(e){case W:return k(\"Suspense\");case Y:return k(\"SuspenseList\")}if(typeof e==\"object\")switch(e.$$typeof){case j:return Be(e.render);case x:return F(e.type,r,t);case $:{var n=e,o=n._payload,u=n._init;try{return F(u(o),r,t)}catch{}}}return\"\"}var C=Object.prototype.hasOwnProperty,fe={},de=R.ReactDebugCurrentFrame;function A(e){if(e){var r=e._owner,t=F(e.type,e._source,r?r.type:null);de.setExtraStackFrame(t)}else de.setExtraStackFrame(null)}function Je(e,r,t,n,o){{var u=Function.call.bind(C);for(var i in e)if(u(e,i)){var a=void 0;try{if(typeof e[i]!=\"function\"){var v=Error((n||\"React class\")+\": \"+t+\" type `\"+i+\"` is invalid; it must be a function, usually from the `prop-types` package, but received `\"+typeof e[i]+\"`.This often happens because of typos such as `PropTypes.function` instead of `PropTypes.func`.\");throw v.name=\"Invariant Violation\",v}a=e[i](r,i,n,t,null,\"SECRET_DO_NOT_PASS_THIS_OR_YOU_WILL_BE_FIRED\")}catch(c){a=c}a&&!(a instanceof Error)&&(A(o),d(\"%s: type specification of %s `%s` is invalid; the type checker function must return `null` or an `Error` but returned a %s. You may have forgotten to pass an argument to the type checker creator (arrayOf, instanceOf, objectOf, oneOf, oneOfType, and shape all require an argument).\",n||\"React class\",t,i,typeof a),A(null)),a instanceof Error&&!(a.message in fe)&&(fe[a.message]=!0,A(o),d(\"Failed %s type: %s\",t,a.message),A(null))}}}var Xe=Array.isArray;function L(e){return Xe(e)}function Ge(e){{var r=typeof Symbol==\"function\"&&Symbol.toStringTag,t=r&&e[Symbol.toStringTag]||e.constructor.name||\"Object\";return t}}function qe(e){try{return ve(e),!1}catch{return!0}}function ve(e){return\"\"+e}function pe(e){if(qe(e))return d(\"The provided key is an unsupported type %s. This value must be coerced to a string before before using it here.\",Ge(e)),ve(e)}var P=R.ReactCurrentOwner,ze={key:!0,ref:!0,__self:!0,__source:!0},be,ge,U;U={};function He(e){if(C.call(e,\"ref\")){var r=Object.getOwnPropertyDescriptor(e,\"ref\").get;if(r&&r.isReactWarning)return!1}return e.ref!==void 0}function Ze(e){if(C.call(e,\"key\")){var r=Object.getOwnPropertyDescriptor(e,\"key\").get;if(r&&r.isReactWarning)return!1}return e.key!==void 0}function Qe(e,r){if(typeof e.ref==\"string\"&&P.current&&r&&P.current.stateNode!==r){var t=h(P.current.type);U[t]||(d('Component \"%s\" contains the string ref \"%s\". Support for string refs will be removed in a future major release. This case cannot be automatically converted to an arrow function. We ask you to manually fix this case by using useRef() or createRef() instead. Learn more about using refs safely here: https://reactjs.org/link/strict-mode-string-ref',h(P.current.type),e.ref),U[t]=!0)}}function er(e,r){{var t=function(){be||(be=!0,d(\"%s: `key` is not a prop. Trying to access it will result in `undefined` being returned. If you need to access the same value within the child component, you should pass it as a different prop. (https://reactjs.org/link/special-props)\",r))};t.isReactWarning=!0,Object.defineProperty(e,\"key\",{get:t,configurable:!0})}}function rr(e,r){{var t=function(){ge||(ge=!0,d(\"%s: `ref` is not a prop. Trying to access it will result in `undefined` being returned. If you need to access the same value within the child component, you should pass it as a different prop. (https://reactjs.org/link/special-props)\",r))};t.isReactWarning=!0,Object.defineProperty(e,\"ref\",{get:t,configurable:!0})}}var tr=function(e,r,t,n,o,u,i){var a={$$typeof:l,type:e,key:r,ref:t,props:i,_owner:u};return a._store={},Object.defineProperty(a._store,\"validated\",{configurable:!1,enumerable:!1,writable:!0,value:!1}),Object.defineProperty(a,\"_self\",{configurable:!1,enumerable:!1,writable:!1,value:n}),Object.defineProperty(a,\"_source\",{configurable:!1,enumerable:!1,writable:!1,value:o}),Object.freeze&&(Object.freeze(a.props),Object.freeze(a)),a};function nr(e,r,t,n,o){{var u,i={},a=null,v=null;t!==void 0&&(pe(t),a=\"\"+t),Ze(r)&&(pe(r.key),a=\"\"+r.key),He(r)&&(v=r.ref,Qe(r,o));for(u in r)C.call(r,u)&&!ze.hasOwnProperty(u)&&(i[u]=r[u]);if(e&&e.defaultProps){var c=e.defaultProps;for(u in c)i[u]===void 0&&(i[u]=c[u])}if(a||v){var f=typeof e==\"function\"?e.displayName||e.name||\"Unknown\":e;a&&er(i,f),v&&rr(i,f)}return tr(e,a,v,o,n,P.current,i)}}var B=R.ReactCurrentOwner,he=R.ReactDebugCurrentFrame;function T(e){if(e){var r=e._owner,t=F(e.type,e._source,r?r.type:null);he.setExtraStackFrame(t)}else he.setExtraStackFrame(null)}var K;K=!1;function J(e){return typeof e==\"object\"&&e!==null&&e.$$typeof===l}function ye(){{if(B.current){var e=h(B.current.type);if(e)return`\n\nCheck the render method of \\``+e+\"`.\"}return\"\"}}function ar(e){{if(e!==void 0){var r=e.fileName.replace(/^.*[\\\\\\/]/,\"\"),t=e.lineNumber;return`\n\nCheck your code at `+r+\":\"+t+\".\"}return\"\"}}var me={};function ir(e){{var r=ye();if(!r){var t=typeof e==\"string\"?e:e.displayName||e.name;t&&(r=`\n\nCheck the top-level render call using <`+t+\">.\")}return r}}function Ee(e,r){{if(!e._store||e._store.validated||e.key!=null)return;e._store.validated=!0;var t=ir(r);if(me[t])return;me[t]=!0;var n=\"\";e&&e._owner&&e._owner!==B.current&&(n=\" It was passed a child from \"+h(e._owner.type)+\".\"),T(e),d('Each child in a list should have a unique \"key\" prop.%s%s See https://reactjs.org/link/warning-keys for more information.',t,n),T(null)}}function _e(e,r){{if(typeof e!=\"object\")return;if(L(e))for(var t=0;t<e.length;t++){var n=e[t];J(n)&&Ee(n,r)}else if(J(e))e._store&&(e._store.validated=!0);else if(e){var o=De(e);if(typeof o==\"function\"&&o!==e.entries)for(var u=o.call(e),i;!(i=u.next()).done;)J(i.value)&&Ee(i.value,r)}}}function or(e){{var r=e.type;if(r==null||typeof r==\"string\")return;var t;if(typeof r==\"function\")t=r.propTypes;else if(typeof r==\"object\"&&(r.$$typeof===j||r.$$typeof===x))t=r.propTypes;else return;if(t){var n=h(r);Je(t,e.props,\"prop\",n,e)}else if(r.PropTypes!==void 0&&!K){K=!0;var o=h(r);d(\"Component %s declared `PropTypes` instead of `propTypes`. Did you misspell the property assignment?\",o||\"Unknown\")}typeof r.getDefaultProps==\"function\"&&!r.getDefaultProps.isReactClassApproved&&d(\"getDefaultProps is only used on classic React.createClass definitions. Use a static property named `defaultProps` instead.\")}}function ur(e){{for(var r=Object.keys(e.props),t=0;t<r.length;t++){var n=r[t];if(n!==\"children\"&&n!==\"key\"){T(e),d(\"Invalid prop `%s` supplied to `React.Fragment`. React.Fragment can only have `key` and `children` props.\",n),T(null);break}}e.ref!==null&&(T(e),d(\"Invalid attribute `ref` supplied to `React.Fragment`.\"),T(null))}}var Re={};function sr(e,r,t,n,o,u){{var i=Ne(e);if(!i){var a=\"\";(e===void 0||typeof e==\"object\"&&e!==null&&Object.keys(e).length===0)&&(a+=\" You likely forgot to export your component from the file it's defined in, or you might have mixed up default and named imports.\");var v=ar(o);v?a+=v:a+=ye();var c;e===null?c=\"null\":L(e)?c=\"array\":e!==void 0&&e.$$typeof===l?(c=\"<\"+(h(e.type)||\"Unknown\")+\" />\",a=\" Did you accidentally export a JSX literal instead of a component?\"):c=typeof e,d(\"React.jsx: type is invalid -- expected a string (for built-in components) or a class/function (for composite components) but got: %s.%s\",c,a)}var f=nr(e,r,t,o,u);if(f==null)return f;if(i){var b=r.children;if(b!==void 0)if(n)if(L(b)){for(var w=0;w<b.length;w++)_e(b[w],e);Object.freeze&&Object.freeze(b)}else d(\"React.jsx: Static children should always be an array. You are likely explicitly calling React.jsxs or React.jsxDEV. Use the Babel transform instead.\");else _e(b,e)}if(C.call(r,\"key\")){var _=h(e),p=Object.keys(r).filter(function(fr){return fr!==\"key\"}),X=p.length>0?\"{key: someKey, \"+p.join(\": ..., \")+\": ...}\":\"{key: someKey}\";if(!Re[_+X]){var cr=p.length>0?\"{\"+p.join(\": ..., \")+\": ...}\":\"{}\";d(`A props object containing a \"key\" prop is being spread into JSX:\n  let props = %s;\n  <%s {...props} />\nReact keys must be passed directly to JSX without using spread:\n  let props = %s;\n  <%s key={someKey} {...props} />`,X,_,cr,_),Re[_+X]=!0}}return e===m?ur(f):or(f),f}}var lr=sr;q.Fragment=m,q.jsxDEV=lr})()});var Pe=G((Cr,Ce)=>{\"use strict\";Ce.exports=Se()});var Tr={};hr(Tr,{default:()=>Rr,frontmatter:()=>Er});var O=yr(Pe()),Er={title:\"LeptJSON\",description:\"This is a standards-compliant JSON parser and generator, developed using a handwritten recursive descent parser. Supported only UTF-8 JSON text and stored JSON number types as double for simplicity and efficiency.\",repository:\"WeiLuo-1/leptjson\",date:new Date(17248896e5),published:!0};function je(s){return(0,O.jsxDEV)(O.Fragment,{},void 0,!1,{fileName:\"/home/weiluo/weiluo.com/content/projects/_mdx_bundler_entry_point-e8c65bf6-dc52-4e3e-8d05-81bae239abc5.mdx\",lineNumber:1,columnNumber:1},this)}function _r(s={}){let{wrapper:l}=s.components||{};return l?(0,O.jsxDEV)(l,Object.assign({},s,{children:(0,O.jsxDEV)(je,s,void 0,!1,{fileName:\"/home/weiluo/weiluo.com/content/projects/_mdx_bundler_entry_point-e8c65bf6-dc52-4e3e-8d05-81bae239abc5.mdx\"},this)}),void 0,!1,{fileName:\"/home/weiluo/weiluo.com/content/projects/_mdx_bundler_entry_point-e8c65bf6-dc52-4e3e-8d05-81bae239abc5.mdx\"},this):je(s)}var Rr=_r;return mr(Tr);})();\n/*! Bundled license information:\n\nreact/cjs/react-jsx-dev-runtime.development.js:\n  (**\n   * @license React\n   * react-jsx-dev-runtime.development.js\n   *\n   * Copyright (c) Facebook, Inc. and its affiliates.\n   *\n   * This source code is licensed under the MIT license found in the\n   * LICENSE file in the root directory of this source tree.\n   *)\n*/\n;return Component;"
    },
    "_id": "projects/LeptJSON.mdx",
    "_raw": {
      "sourceFilePath": "projects/LeptJSON.mdx",
      "sourceFileName": "LeptJSON.mdx",
      "sourceFileDir": "projects",
      "contentType": "mdx",
      "flattenedPath": "projects/LeptJSON"
    },
    "type": "Project",
    "path": "/projects/LeptJSON",
    "slug": "LeptJSON"
  },
  {
    "published": true,
    "title": "Maze_Challenge",
    "description": "This is designed and implemented a maze game using Pygame, offers players both manual and automated gameplay option. Automated gameplay requires a search algorithm wrote by player.",
    "date": "2023-10-29T00:00:00.000Z",
    "repository": "GameDevTeams/Maze-Challenge",
    "body": {
      "raw": "",
      "code": "var Component=(()=>{var dr=Object.create;var I=Object.defineProperty;var vr=Object.getOwnPropertyDescriptor;var pr=Object.getOwnPropertyNames;var gr=Object.getPrototypeOf,br=Object.prototype.hasOwnProperty;var X=(s,l)=>()=>(l||s((l={exports:{}}).exports,l),l.exports),mr=(s,l)=>{for(var b in l)I(s,b,{get:l[b],enumerable:!0})},Te=(s,l,b,y)=>{if(l&&typeof l==\"object\"||typeof l==\"function\")for(let h of pr(l))!br.call(s,h)&&h!==b&&I(s,h,{get:()=>l[h],enumerable:!(y=vr(l,h))||y.enumerable});return s};var hr=(s,l,b)=>(b=s!=null?dr(gr(s)):{},Te(l||!s||!s.__esModule?I(b,\"default\",{value:s,enumerable:!0}):b,s)),yr=s=>Te(I({},\"__esModule\",{value:!0}),s);var Ce=X((Cr,we)=>{we.exports=React});var Oe=X(q=>{\"use strict\";(function(){\"use strict\";var s=Ce(),l=Symbol.for(\"react.element\"),b=Symbol.for(\"react.portal\"),y=Symbol.for(\"react.fragment\"),h=Symbol.for(\"react.strict_mode\"),H=Symbol.for(\"react.profiler\"),J=Symbol.for(\"react.provider\"),Z=Symbol.for(\"react.context\"),j=Symbol.for(\"react.forward_ref\"),W=Symbol.for(\"react.suspense\"),Y=Symbol.for(\"react.suspense_list\"),x=Symbol.for(\"react.memo\"),$=Symbol.for(\"react.lazy\"),xe=Symbol.for(\"react.offscreen\"),Q=Symbol.iterator,ke=\"@@iterator\";function De(e){if(e===null||typeof e!=\"object\")return null;var r=Q&&e[Q]||e[ke];return typeof r==\"function\"?r:null}var R=s.__SECRET_INTERNALS_DO_NOT_USE_OR_YOU_WILL_BE_FIRED;function d(e){{for(var r=arguments.length,t=new Array(r>1?r-1:0),n=1;n<r;n++)t[n-1]=arguments[n];Fe(\"error\",e,t)}}function Fe(e,r,t){{var n=R.ReactDebugCurrentFrame,o=n.getStackAddendum();o!==\"\"&&(r+=\"%s\",t=t.concat([o]));var u=t.map(function(i){return String(i)});u.unshift(\"Warning: \"+r),Function.prototype.apply.call(console[e],console,u)}}var Ae=!1,Ie=!1,We=!1,Ye=!1,$e=!1,ee;ee=Symbol.for(\"react.module.reference\");function Me(e){return!!(typeof e==\"string\"||typeof e==\"function\"||e===y||e===H||$e||e===h||e===W||e===Y||Ye||e===xe||Ae||Ie||We||typeof e==\"object\"&&e!==null&&(e.$$typeof===$||e.$$typeof===x||e.$$typeof===J||e.$$typeof===Z||e.$$typeof===j||e.$$typeof===ee||e.getModuleId!==void 0))}function Ve(e,r,t){var n=e.displayName;if(n)return n;var o=r.displayName||r.name||\"\";return o!==\"\"?t+\"(\"+o+\")\":t}function re(e){return e.displayName||\"Context\"}function m(e){if(e==null)return null;if(typeof e.tag==\"number\"&&d(\"Received an unexpected object in getComponentNameFromType(). This is likely a bug in React. Please file an issue.\"),typeof e==\"function\")return e.displayName||e.name||null;if(typeof e==\"string\")return e;switch(e){case y:return\"Fragment\";case b:return\"Portal\";case H:return\"Profiler\";case h:return\"StrictMode\";case W:return\"Suspense\";case Y:return\"SuspenseList\"}if(typeof e==\"object\")switch(e.$$typeof){case Z:var r=e;return re(r)+\".Consumer\";case J:var t=e;return re(t._context)+\".Provider\";case j:return Ve(e,e.render,\"ForwardRef\");case x:var n=e.displayName||null;return n!==null?n:m(e.type)||\"Memo\";case $:{var o=e,u=o._payload,i=o._init;try{return m(i(u))}catch{return null}}}return null}var E=Object.assign,O=0,te,ne,ae,ie,oe,ue,se;function le(){}le.__reactDisabledLog=!0;function Ne(){{if(O===0){te=console.log,ne=console.info,ae=console.warn,ie=console.error,oe=console.group,ue=console.groupCollapsed,se=console.groupEnd;var e={configurable:!0,enumerable:!0,value:le,writable:!0};Object.defineProperties(console,{info:e,log:e,warn:e,error:e,group:e,groupCollapsed:e,groupEnd:e})}O++}}function Le(){{if(O--,O===0){var e={configurable:!0,enumerable:!0,writable:!0};Object.defineProperties(console,{log:E({},e,{value:te}),info:E({},e,{value:ne}),warn:E({},e,{value:ae}),error:E({},e,{value:ie}),group:E({},e,{value:oe}),groupCollapsed:E({},e,{value:ue}),groupEnd:E({},e,{value:se})})}O<0&&d(\"disabledDepth fell below zero. This is a bug in React. Please file an issue.\")}}var M=R.ReactCurrentDispatcher,V;function k(e,r,t){{if(V===void 0)try{throw Error()}catch(o){var n=o.stack.trim().match(/\\n( *(at )?)/);V=n&&n[1]||\"\"}return`\n`+V+e}}var N=!1,D;{var Ue=typeof WeakMap==\"function\"?WeakMap:Map;D=new Ue}function ce(e,r){if(!e||N)return\"\";{var t=D.get(e);if(t!==void 0)return t}var n;N=!0;var o=Error.prepareStackTrace;Error.prepareStackTrace=void 0;var u;u=M.current,M.current=null,Ne();try{if(r){var i=function(){throw Error()};if(Object.defineProperty(i.prototype,\"props\",{set:function(){throw Error()}}),typeof Reflect==\"object\"&&Reflect.construct){try{Reflect.construct(i,[])}catch(p){n=p}Reflect.construct(e,[],i)}else{try{i.call()}catch(p){n=p}e.call(i.prototype)}}else{try{throw Error()}catch(p){n=p}e()}}catch(p){if(p&&n&&typeof p.stack==\"string\"){for(var a=p.stack.split(`\n`),v=n.stack.split(`\n`),c=a.length-1,f=v.length-1;c>=1&&f>=0&&a[c]!==v[f];)f--;for(;c>=1&&f>=0;c--,f--)if(a[c]!==v[f]){if(c!==1||f!==1)do if(c--,f--,f<0||a[c]!==v[f]){var g=`\n`+a[c].replace(\" at new \",\" at \");return e.displayName&&g.includes(\"<anonymous>\")&&(g=g.replace(\"<anonymous>\",e.displayName)),typeof e==\"function\"&&D.set(e,g),g}while(c>=1&&f>=0);break}}}finally{N=!1,M.current=u,Le(),Error.prepareStackTrace=o}var w=e?e.displayName||e.name:\"\",_=w?k(w):\"\";return typeof e==\"function\"&&D.set(e,_),_}function ze(e,r,t){return ce(e,!1)}function Be(e){var r=e.prototype;return!!(r&&r.isReactComponent)}function F(e,r,t){if(e==null)return\"\";if(typeof e==\"function\")return ce(e,Be(e));if(typeof e==\"string\")return k(e);switch(e){case W:return k(\"Suspense\");case Y:return k(\"SuspenseList\")}if(typeof e==\"object\")switch(e.$$typeof){case j:return ze(e.render);case x:return F(e.type,r,t);case $:{var n=e,o=n._payload,u=n._init;try{return F(u(o),r,t)}catch{}}}return\"\"}var P=Object.prototype.hasOwnProperty,fe={},de=R.ReactDebugCurrentFrame;function A(e){if(e){var r=e._owner,t=F(e.type,e._source,r?r.type:null);de.setExtraStackFrame(t)}else de.setExtraStackFrame(null)}function Ke(e,r,t,n,o){{var u=Function.call.bind(P);for(var i in e)if(u(e,i)){var a=void 0;try{if(typeof e[i]!=\"function\"){var v=Error((n||\"React class\")+\": \"+t+\" type `\"+i+\"` is invalid; it must be a function, usually from the `prop-types` package, but received `\"+typeof e[i]+\"`.This often happens because of typos such as `PropTypes.function` instead of `PropTypes.func`.\");throw v.name=\"Invariant Violation\",v}a=e[i](r,i,n,t,null,\"SECRET_DO_NOT_PASS_THIS_OR_YOU_WILL_BE_FIRED\")}catch(c){a=c}a&&!(a instanceof Error)&&(A(o),d(\"%s: type specification of %s `%s` is invalid; the type checker function must return `null` or an `Error` but returned a %s. You may have forgotten to pass an argument to the type checker creator (arrayOf, instanceOf, objectOf, oneOf, oneOfType, and shape all require an argument).\",n||\"React class\",t,i,typeof a),A(null)),a instanceof Error&&!(a.message in fe)&&(fe[a.message]=!0,A(o),d(\"Failed %s type: %s\",t,a.message),A(null))}}}var Ge=Array.isArray;function L(e){return Ge(e)}function Xe(e){{var r=typeof Symbol==\"function\"&&Symbol.toStringTag,t=r&&e[Symbol.toStringTag]||e.constructor.name||\"Object\";return t}}function qe(e){try{return ve(e),!1}catch{return!0}}function ve(e){return\"\"+e}function pe(e){if(qe(e))return d(\"The provided key is an unsupported type %s. This value must be coerced to a string before before using it here.\",Xe(e)),ve(e)}var S=R.ReactCurrentOwner,He={key:!0,ref:!0,__self:!0,__source:!0},ge,be,U;U={};function Je(e){if(P.call(e,\"ref\")){var r=Object.getOwnPropertyDescriptor(e,\"ref\").get;if(r&&r.isReactWarning)return!1}return e.ref!==void 0}function Ze(e){if(P.call(e,\"key\")){var r=Object.getOwnPropertyDescriptor(e,\"key\").get;if(r&&r.isReactWarning)return!1}return e.key!==void 0}function Qe(e,r){if(typeof e.ref==\"string\"&&S.current&&r&&S.current.stateNode!==r){var t=m(S.current.type);U[t]||(d('Component \"%s\" contains the string ref \"%s\". Support for string refs will be removed in a future major release. This case cannot be automatically converted to an arrow function. We ask you to manually fix this case by using useRef() or createRef() instead. Learn more about using refs safely here: https://reactjs.org/link/strict-mode-string-ref',m(S.current.type),e.ref),U[t]=!0)}}function er(e,r){{var t=function(){ge||(ge=!0,d(\"%s: `key` is not a prop. Trying to access it will result in `undefined` being returned. If you need to access the same value within the child component, you should pass it as a different prop. (https://reactjs.org/link/special-props)\",r))};t.isReactWarning=!0,Object.defineProperty(e,\"key\",{get:t,configurable:!0})}}function rr(e,r){{var t=function(){be||(be=!0,d(\"%s: `ref` is not a prop. Trying to access it will result in `undefined` being returned. If you need to access the same value within the child component, you should pass it as a different prop. (https://reactjs.org/link/special-props)\",r))};t.isReactWarning=!0,Object.defineProperty(e,\"ref\",{get:t,configurable:!0})}}var tr=function(e,r,t,n,o,u,i){var a={$$typeof:l,type:e,key:r,ref:t,props:i,_owner:u};return a._store={},Object.defineProperty(a._store,\"validated\",{configurable:!1,enumerable:!1,writable:!0,value:!1}),Object.defineProperty(a,\"_self\",{configurable:!1,enumerable:!1,writable:!1,value:n}),Object.defineProperty(a,\"_source\",{configurable:!1,enumerable:!1,writable:!1,value:o}),Object.freeze&&(Object.freeze(a.props),Object.freeze(a)),a};function nr(e,r,t,n,o){{var u,i={},a=null,v=null;t!==void 0&&(pe(t),a=\"\"+t),Ze(r)&&(pe(r.key),a=\"\"+r.key),Je(r)&&(v=r.ref,Qe(r,o));for(u in r)P.call(r,u)&&!He.hasOwnProperty(u)&&(i[u]=r[u]);if(e&&e.defaultProps){var c=e.defaultProps;for(u in c)i[u]===void 0&&(i[u]=c[u])}if(a||v){var f=typeof e==\"function\"?e.displayName||e.name||\"Unknown\":e;a&&er(i,f),v&&rr(i,f)}return tr(e,a,v,o,n,S.current,i)}}var z=R.ReactCurrentOwner,me=R.ReactDebugCurrentFrame;function T(e){if(e){var r=e._owner,t=F(e.type,e._source,r?r.type:null);me.setExtraStackFrame(t)}else me.setExtraStackFrame(null)}var B;B=!1;function K(e){return typeof e==\"object\"&&e!==null&&e.$$typeof===l}function he(){{if(z.current){var e=m(z.current.type);if(e)return`\n\nCheck the render method of \\``+e+\"`.\"}return\"\"}}function ar(e){{if(e!==void 0){var r=e.fileName.replace(/^.*[\\\\\\/]/,\"\"),t=e.lineNumber;return`\n\nCheck your code at `+r+\":\"+t+\".\"}return\"\"}}var ye={};function ir(e){{var r=he();if(!r){var t=typeof e==\"string\"?e:e.displayName||e.name;t&&(r=`\n\nCheck the top-level render call using <`+t+\">.\")}return r}}function Ee(e,r){{if(!e._store||e._store.validated||e.key!=null)return;e._store.validated=!0;var t=ir(r);if(ye[t])return;ye[t]=!0;var n=\"\";e&&e._owner&&e._owner!==z.current&&(n=\" It was passed a child from \"+m(e._owner.type)+\".\"),T(e),d('Each child in a list should have a unique \"key\" prop.%s%s See https://reactjs.org/link/warning-keys for more information.',t,n),T(null)}}function _e(e,r){{if(typeof e!=\"object\")return;if(L(e))for(var t=0;t<e.length;t++){var n=e[t];K(n)&&Ee(n,r)}else if(K(e))e._store&&(e._store.validated=!0);else if(e){var o=De(e);if(typeof o==\"function\"&&o!==e.entries)for(var u=o.call(e),i;!(i=u.next()).done;)K(i.value)&&Ee(i.value,r)}}}function or(e){{var r=e.type;if(r==null||typeof r==\"string\")return;var t;if(typeof r==\"function\")t=r.propTypes;else if(typeof r==\"object\"&&(r.$$typeof===j||r.$$typeof===x))t=r.propTypes;else return;if(t){var n=m(r);Ke(t,e.props,\"prop\",n,e)}else if(r.PropTypes!==void 0&&!B){B=!0;var o=m(r);d(\"Component %s declared `PropTypes` instead of `propTypes`. Did you misspell the property assignment?\",o||\"Unknown\")}typeof r.getDefaultProps==\"function\"&&!r.getDefaultProps.isReactClassApproved&&d(\"getDefaultProps is only used on classic React.createClass definitions. Use a static property named `defaultProps` instead.\")}}function ur(e){{for(var r=Object.keys(e.props),t=0;t<r.length;t++){var n=r[t];if(n!==\"children\"&&n!==\"key\"){T(e),d(\"Invalid prop `%s` supplied to `React.Fragment`. React.Fragment can only have `key` and `children` props.\",n),T(null);break}}e.ref!==null&&(T(e),d(\"Invalid attribute `ref` supplied to `React.Fragment`.\"),T(null))}}var Re={};function sr(e,r,t,n,o,u){{var i=Me(e);if(!i){var a=\"\";(e===void 0||typeof e==\"object\"&&e!==null&&Object.keys(e).length===0)&&(a+=\" You likely forgot to export your component from the file it's defined in, or you might have mixed up default and named imports.\");var v=ar(o);v?a+=v:a+=he();var c;e===null?c=\"null\":L(e)?c=\"array\":e!==void 0&&e.$$typeof===l?(c=\"<\"+(m(e.type)||\"Unknown\")+\" />\",a=\" Did you accidentally export a JSX literal instead of a component?\"):c=typeof e,d(\"React.jsx: type is invalid -- expected a string (for built-in components) or a class/function (for composite components) but got: %s.%s\",c,a)}var f=nr(e,r,t,o,u);if(f==null)return f;if(i){var g=r.children;if(g!==void 0)if(n)if(L(g)){for(var w=0;w<g.length;w++)_e(g[w],e);Object.freeze&&Object.freeze(g)}else d(\"React.jsx: Static children should always be an array. You are likely explicitly calling React.jsxs or React.jsxDEV. Use the Babel transform instead.\");else _e(g,e)}if(P.call(r,\"key\")){var _=m(e),p=Object.keys(r).filter(function(fr){return fr!==\"key\"}),G=p.length>0?\"{key: someKey, \"+p.join(\": ..., \")+\": ...}\":\"{key: someKey}\";if(!Re[_+G]){var cr=p.length>0?\"{\"+p.join(\": ..., \")+\": ...}\":\"{}\";d(`A props object containing a \"key\" prop is being spread into JSX:\n  let props = %s;\n  <%s {...props} />\nReact keys must be passed directly to JSX without using spread:\n  let props = %s;\n  <%s key={someKey} {...props} />`,G,_,cr,_),Re[_+G]=!0}}return e===y?ur(f):or(f),f}}var lr=sr;q.Fragment=y,q.jsxDEV=lr})()});var Se=X((Pr,Pe)=>{\"use strict\";Pe.exports=Oe()});var Tr={};mr(Tr,{default:()=>Rr,frontmatter:()=>Er});var C=hr(Se()),Er={title:\"Maze_Challenge\",description:\"This is designed and implemented a maze game using Pygame, offers players both manual and automated gameplay option. Automated gameplay requires a search algorithm wrote by player.\",repository:\"GameDevTeams/Maze-Challenge\",date:new Date(16985376e5),published:!0};function je(s){return(0,C.jsxDEV)(C.Fragment,{},void 0,!1,{fileName:\"/home/weiluo/weiluo.com/content/projects/_mdx_bundler_entry_point-68d3a6cd-edcc-48c0-a6c3-ae0ab88794cf.mdx\",lineNumber:1,columnNumber:1},this)}function _r(s={}){let{wrapper:l}=s.components||{};return l?(0,C.jsxDEV)(l,Object.assign({},s,{children:(0,C.jsxDEV)(je,s,void 0,!1,{fileName:\"/home/weiluo/weiluo.com/content/projects/_mdx_bundler_entry_point-68d3a6cd-edcc-48c0-a6c3-ae0ab88794cf.mdx\"},this)}),void 0,!1,{fileName:\"/home/weiluo/weiluo.com/content/projects/_mdx_bundler_entry_point-68d3a6cd-edcc-48c0-a6c3-ae0ab88794cf.mdx\"},this):je(s)}var Rr=_r;return yr(Tr);})();\n/*! Bundled license information:\n\nreact/cjs/react-jsx-dev-runtime.development.js:\n  (**\n   * @license React\n   * react-jsx-dev-runtime.development.js\n   *\n   * Copyright (c) Facebook, Inc. and its affiliates.\n   *\n   * This source code is licensed under the MIT license found in the\n   * LICENSE file in the root directory of this source tree.\n   *)\n*/\n;return Component;"
    },
    "_id": "projects/Maze_Challenge.mdx",
    "_raw": {
      "sourceFilePath": "projects/Maze_Challenge.mdx",
      "sourceFileName": "Maze_Challenge.mdx",
      "sourceFileDir": "projects",
      "contentType": "mdx",
      "flattenedPath": "projects/Maze_Challenge"
    },
    "type": "Project",
    "path": "/projects/Maze_Challenge",
    "slug": "Maze_Challenge"
  },
  {
    "published": true,
    "title": "Pinball_Machine",
    "description": "This is a pinball machine simulation utilizing the pinball library 'libpb' framework by using C. Users can initialize the pinball machine by entering the ball’s starting position and XY-axis acceleration as they desire.",
    "date": "2023-03-16T00:00:00.000Z",
    "repository": "WeiLuo-1/pinball-machine",
    "body": {
      "raw": "",
      "code": "var Component=(()=>{var dr=Object.create;var I=Object.defineProperty;var vr=Object.getOwnPropertyDescriptor;var pr=Object.getOwnPropertyNames;var br=Object.getPrototypeOf,gr=Object.prototype.hasOwnProperty;var G=(s,l)=>()=>(l||s((l={exports:{}}).exports,l),l.exports),hr=(s,l)=>{for(var g in l)I(s,g,{get:l[g],enumerable:!0})},Te=(s,l,g,m)=>{if(l&&typeof l==\"object\"||typeof l==\"function\")for(let y of pr(l))!gr.call(s,y)&&y!==g&&I(s,y,{get:()=>l[y],enumerable:!(m=vr(l,y))||m.enumerable});return s};var yr=(s,l,g)=>(g=s!=null?dr(br(s)):{},Te(l||!s||!s.__esModule?I(g,\"default\",{value:s,enumerable:!0}):g,s)),mr=s=>Te(I({},\"__esModule\",{value:!0}),s);var Ce=G((Cr,we)=>{we.exports=React});var Oe=G(q=>{\"use strict\";(function(){\"use strict\";var s=Ce(),l=Symbol.for(\"react.element\"),g=Symbol.for(\"react.portal\"),m=Symbol.for(\"react.fragment\"),y=Symbol.for(\"react.strict_mode\"),H=Symbol.for(\"react.profiler\"),J=Symbol.for(\"react.provider\"),Z=Symbol.for(\"react.context\"),j=Symbol.for(\"react.forward_ref\"),W=Symbol.for(\"react.suspense\"),Y=Symbol.for(\"react.suspense_list\"),x=Symbol.for(\"react.memo\"),$=Symbol.for(\"react.lazy\"),xe=Symbol.for(\"react.offscreen\"),Q=Symbol.iterator,ke=\"@@iterator\";function De(e){if(e===null||typeof e!=\"object\")return null;var r=Q&&e[Q]||e[ke];return typeof r==\"function\"?r:null}var R=s.__SECRET_INTERNALS_DO_NOT_USE_OR_YOU_WILL_BE_FIRED;function d(e){{for(var r=arguments.length,t=new Array(r>1?r-1:0),n=1;n<r;n++)t[n-1]=arguments[n];Fe(\"error\",e,t)}}function Fe(e,r,t){{var n=R.ReactDebugCurrentFrame,o=n.getStackAddendum();o!==\"\"&&(r+=\"%s\",t=t.concat([o]));var u=t.map(function(i){return String(i)});u.unshift(\"Warning: \"+r),Function.prototype.apply.call(console[e],console,u)}}var Ae=!1,Ie=!1,We=!1,Ye=!1,$e=!1,ee;ee=Symbol.for(\"react.module.reference\");function Me(e){return!!(typeof e==\"string\"||typeof e==\"function\"||e===m||e===H||$e||e===y||e===W||e===Y||Ye||e===xe||Ae||Ie||We||typeof e==\"object\"&&e!==null&&(e.$$typeof===$||e.$$typeof===x||e.$$typeof===J||e.$$typeof===Z||e.$$typeof===j||e.$$typeof===ee||e.getModuleId!==void 0))}function Ve(e,r,t){var n=e.displayName;if(n)return n;var o=r.displayName||r.name||\"\";return o!==\"\"?t+\"(\"+o+\")\":t}function re(e){return e.displayName||\"Context\"}function h(e){if(e==null)return null;if(typeof e.tag==\"number\"&&d(\"Received an unexpected object in getComponentNameFromType(). This is likely a bug in React. Please file an issue.\"),typeof e==\"function\")return e.displayName||e.name||null;if(typeof e==\"string\")return e;switch(e){case m:return\"Fragment\";case g:return\"Portal\";case H:return\"Profiler\";case y:return\"StrictMode\";case W:return\"Suspense\";case Y:return\"SuspenseList\"}if(typeof e==\"object\")switch(e.$$typeof){case Z:var r=e;return re(r)+\".Consumer\";case J:var t=e;return re(t._context)+\".Provider\";case j:return Ve(e,e.render,\"ForwardRef\");case x:var n=e.displayName||null;return n!==null?n:h(e.type)||\"Memo\";case $:{var o=e,u=o._payload,i=o._init;try{return h(i(u))}catch{return null}}}return null}var E=Object.assign,O=0,te,ne,ae,ie,oe,ue,se;function le(){}le.__reactDisabledLog=!0;function Le(){{if(O===0){te=console.log,ne=console.info,ae=console.warn,ie=console.error,oe=console.group,ue=console.groupCollapsed,se=console.groupEnd;var e={configurable:!0,enumerable:!0,value:le,writable:!0};Object.defineProperties(console,{info:e,log:e,warn:e,error:e,group:e,groupCollapsed:e,groupEnd:e})}O++}}function Ne(){{if(O--,O===0){var e={configurable:!0,enumerable:!0,writable:!0};Object.defineProperties(console,{log:E({},e,{value:te}),info:E({},e,{value:ne}),warn:E({},e,{value:ae}),error:E({},e,{value:ie}),group:E({},e,{value:oe}),groupCollapsed:E({},e,{value:ue}),groupEnd:E({},e,{value:se})})}O<0&&d(\"disabledDepth fell below zero. This is a bug in React. Please file an issue.\")}}var M=R.ReactCurrentDispatcher,V;function k(e,r,t){{if(V===void 0)try{throw Error()}catch(o){var n=o.stack.trim().match(/\\n( *(at )?)/);V=n&&n[1]||\"\"}return`\n`+V+e}}var L=!1,D;{var Ue=typeof WeakMap==\"function\"?WeakMap:Map;D=new Ue}function ce(e,r){if(!e||L)return\"\";{var t=D.get(e);if(t!==void 0)return t}var n;L=!0;var o=Error.prepareStackTrace;Error.prepareStackTrace=void 0;var u;u=M.current,M.current=null,Le();try{if(r){var i=function(){throw Error()};if(Object.defineProperty(i.prototype,\"props\",{set:function(){throw Error()}}),typeof Reflect==\"object\"&&Reflect.construct){try{Reflect.construct(i,[])}catch(p){n=p}Reflect.construct(e,[],i)}else{try{i.call()}catch(p){n=p}e.call(i.prototype)}}else{try{throw Error()}catch(p){n=p}e()}}catch(p){if(p&&n&&typeof p.stack==\"string\"){for(var a=p.stack.split(`\n`),v=n.stack.split(`\n`),c=a.length-1,f=v.length-1;c>=1&&f>=0&&a[c]!==v[f];)f--;for(;c>=1&&f>=0;c--,f--)if(a[c]!==v[f]){if(c!==1||f!==1)do if(c--,f--,f<0||a[c]!==v[f]){var b=`\n`+a[c].replace(\" at new \",\" at \");return e.displayName&&b.includes(\"<anonymous>\")&&(b=b.replace(\"<anonymous>\",e.displayName)),typeof e==\"function\"&&D.set(e,b),b}while(c>=1&&f>=0);break}}}finally{L=!1,M.current=u,Ne(),Error.prepareStackTrace=o}var w=e?e.displayName||e.name:\"\",_=w?k(w):\"\";return typeof e==\"function\"&&D.set(e,_),_}function Be(e,r,t){return ce(e,!1)}function Ke(e){var r=e.prototype;return!!(r&&r.isReactComponent)}function F(e,r,t){if(e==null)return\"\";if(typeof e==\"function\")return ce(e,Ke(e));if(typeof e==\"string\")return k(e);switch(e){case W:return k(\"Suspense\");case Y:return k(\"SuspenseList\")}if(typeof e==\"object\")switch(e.$$typeof){case j:return Be(e.render);case x:return F(e.type,r,t);case $:{var n=e,o=n._payload,u=n._init;try{return F(u(o),r,t)}catch{}}}return\"\"}var P=Object.prototype.hasOwnProperty,fe={},de=R.ReactDebugCurrentFrame;function A(e){if(e){var r=e._owner,t=F(e.type,e._source,r?r.type:null);de.setExtraStackFrame(t)}else de.setExtraStackFrame(null)}function Xe(e,r,t,n,o){{var u=Function.call.bind(P);for(var i in e)if(u(e,i)){var a=void 0;try{if(typeof e[i]!=\"function\"){var v=Error((n||\"React class\")+\": \"+t+\" type `\"+i+\"` is invalid; it must be a function, usually from the `prop-types` package, but received `\"+typeof e[i]+\"`.This often happens because of typos such as `PropTypes.function` instead of `PropTypes.func`.\");throw v.name=\"Invariant Violation\",v}a=e[i](r,i,n,t,null,\"SECRET_DO_NOT_PASS_THIS_OR_YOU_WILL_BE_FIRED\")}catch(c){a=c}a&&!(a instanceof Error)&&(A(o),d(\"%s: type specification of %s `%s` is invalid; the type checker function must return `null` or an `Error` but returned a %s. You may have forgotten to pass an argument to the type checker creator (arrayOf, instanceOf, objectOf, oneOf, oneOfType, and shape all require an argument).\",n||\"React class\",t,i,typeof a),A(null)),a instanceof Error&&!(a.message in fe)&&(fe[a.message]=!0,A(o),d(\"Failed %s type: %s\",t,a.message),A(null))}}}var ze=Array.isArray;function N(e){return ze(e)}function Ge(e){{var r=typeof Symbol==\"function\"&&Symbol.toStringTag,t=r&&e[Symbol.toStringTag]||e.constructor.name||\"Object\";return t}}function qe(e){try{return ve(e),!1}catch{return!0}}function ve(e){return\"\"+e}function pe(e){if(qe(e))return d(\"The provided key is an unsupported type %s. This value must be coerced to a string before before using it here.\",Ge(e)),ve(e)}var S=R.ReactCurrentOwner,He={key:!0,ref:!0,__self:!0,__source:!0},be,ge,U;U={};function Je(e){if(P.call(e,\"ref\")){var r=Object.getOwnPropertyDescriptor(e,\"ref\").get;if(r&&r.isReactWarning)return!1}return e.ref!==void 0}function Ze(e){if(P.call(e,\"key\")){var r=Object.getOwnPropertyDescriptor(e,\"key\").get;if(r&&r.isReactWarning)return!1}return e.key!==void 0}function Qe(e,r){if(typeof e.ref==\"string\"&&S.current&&r&&S.current.stateNode!==r){var t=h(S.current.type);U[t]||(d('Component \"%s\" contains the string ref \"%s\". Support for string refs will be removed in a future major release. This case cannot be automatically converted to an arrow function. We ask you to manually fix this case by using useRef() or createRef() instead. Learn more about using refs safely here: https://reactjs.org/link/strict-mode-string-ref',h(S.current.type),e.ref),U[t]=!0)}}function er(e,r){{var t=function(){be||(be=!0,d(\"%s: `key` is not a prop. Trying to access it will result in `undefined` being returned. If you need to access the same value within the child component, you should pass it as a different prop. (https://reactjs.org/link/special-props)\",r))};t.isReactWarning=!0,Object.defineProperty(e,\"key\",{get:t,configurable:!0})}}function rr(e,r){{var t=function(){ge||(ge=!0,d(\"%s: `ref` is not a prop. Trying to access it will result in `undefined` being returned. If you need to access the same value within the child component, you should pass it as a different prop. (https://reactjs.org/link/special-props)\",r))};t.isReactWarning=!0,Object.defineProperty(e,\"ref\",{get:t,configurable:!0})}}var tr=function(e,r,t,n,o,u,i){var a={$$typeof:l,type:e,key:r,ref:t,props:i,_owner:u};return a._store={},Object.defineProperty(a._store,\"validated\",{configurable:!1,enumerable:!1,writable:!0,value:!1}),Object.defineProperty(a,\"_self\",{configurable:!1,enumerable:!1,writable:!1,value:n}),Object.defineProperty(a,\"_source\",{configurable:!1,enumerable:!1,writable:!1,value:o}),Object.freeze&&(Object.freeze(a.props),Object.freeze(a)),a};function nr(e,r,t,n,o){{var u,i={},a=null,v=null;t!==void 0&&(pe(t),a=\"\"+t),Ze(r)&&(pe(r.key),a=\"\"+r.key),Je(r)&&(v=r.ref,Qe(r,o));for(u in r)P.call(r,u)&&!He.hasOwnProperty(u)&&(i[u]=r[u]);if(e&&e.defaultProps){var c=e.defaultProps;for(u in c)i[u]===void 0&&(i[u]=c[u])}if(a||v){var f=typeof e==\"function\"?e.displayName||e.name||\"Unknown\":e;a&&er(i,f),v&&rr(i,f)}return tr(e,a,v,o,n,S.current,i)}}var B=R.ReactCurrentOwner,he=R.ReactDebugCurrentFrame;function T(e){if(e){var r=e._owner,t=F(e.type,e._source,r?r.type:null);he.setExtraStackFrame(t)}else he.setExtraStackFrame(null)}var K;K=!1;function X(e){return typeof e==\"object\"&&e!==null&&e.$$typeof===l}function ye(){{if(B.current){var e=h(B.current.type);if(e)return`\n\nCheck the render method of \\``+e+\"`.\"}return\"\"}}function ar(e){{if(e!==void 0){var r=e.fileName.replace(/^.*[\\\\\\/]/,\"\"),t=e.lineNumber;return`\n\nCheck your code at `+r+\":\"+t+\".\"}return\"\"}}var me={};function ir(e){{var r=ye();if(!r){var t=typeof e==\"string\"?e:e.displayName||e.name;t&&(r=`\n\nCheck the top-level render call using <`+t+\">.\")}return r}}function Ee(e,r){{if(!e._store||e._store.validated||e.key!=null)return;e._store.validated=!0;var t=ir(r);if(me[t])return;me[t]=!0;var n=\"\";e&&e._owner&&e._owner!==B.current&&(n=\" It was passed a child from \"+h(e._owner.type)+\".\"),T(e),d('Each child in a list should have a unique \"key\" prop.%s%s See https://reactjs.org/link/warning-keys for more information.',t,n),T(null)}}function _e(e,r){{if(typeof e!=\"object\")return;if(N(e))for(var t=0;t<e.length;t++){var n=e[t];X(n)&&Ee(n,r)}else if(X(e))e._store&&(e._store.validated=!0);else if(e){var o=De(e);if(typeof o==\"function\"&&o!==e.entries)for(var u=o.call(e),i;!(i=u.next()).done;)X(i.value)&&Ee(i.value,r)}}}function or(e){{var r=e.type;if(r==null||typeof r==\"string\")return;var t;if(typeof r==\"function\")t=r.propTypes;else if(typeof r==\"object\"&&(r.$$typeof===j||r.$$typeof===x))t=r.propTypes;else return;if(t){var n=h(r);Xe(t,e.props,\"prop\",n,e)}else if(r.PropTypes!==void 0&&!K){K=!0;var o=h(r);d(\"Component %s declared `PropTypes` instead of `propTypes`. Did you misspell the property assignment?\",o||\"Unknown\")}typeof r.getDefaultProps==\"function\"&&!r.getDefaultProps.isReactClassApproved&&d(\"getDefaultProps is only used on classic React.createClass definitions. Use a static property named `defaultProps` instead.\")}}function ur(e){{for(var r=Object.keys(e.props),t=0;t<r.length;t++){var n=r[t];if(n!==\"children\"&&n!==\"key\"){T(e),d(\"Invalid prop `%s` supplied to `React.Fragment`. React.Fragment can only have `key` and `children` props.\",n),T(null);break}}e.ref!==null&&(T(e),d(\"Invalid attribute `ref` supplied to `React.Fragment`.\"),T(null))}}var Re={};function sr(e,r,t,n,o,u){{var i=Me(e);if(!i){var a=\"\";(e===void 0||typeof e==\"object\"&&e!==null&&Object.keys(e).length===0)&&(a+=\" You likely forgot to export your component from the file it's defined in, or you might have mixed up default and named imports.\");var v=ar(o);v?a+=v:a+=ye();var c;e===null?c=\"null\":N(e)?c=\"array\":e!==void 0&&e.$$typeof===l?(c=\"<\"+(h(e.type)||\"Unknown\")+\" />\",a=\" Did you accidentally export a JSX literal instead of a component?\"):c=typeof e,d(\"React.jsx: type is invalid -- expected a string (for built-in components) or a class/function (for composite components) but got: %s.%s\",c,a)}var f=nr(e,r,t,o,u);if(f==null)return f;if(i){var b=r.children;if(b!==void 0)if(n)if(N(b)){for(var w=0;w<b.length;w++)_e(b[w],e);Object.freeze&&Object.freeze(b)}else d(\"React.jsx: Static children should always be an array. You are likely explicitly calling React.jsxs or React.jsxDEV. Use the Babel transform instead.\");else _e(b,e)}if(P.call(r,\"key\")){var _=h(e),p=Object.keys(r).filter(function(fr){return fr!==\"key\"}),z=p.length>0?\"{key: someKey, \"+p.join(\": ..., \")+\": ...}\":\"{key: someKey}\";if(!Re[_+z]){var cr=p.length>0?\"{\"+p.join(\": ..., \")+\": ...}\":\"{}\";d(`A props object containing a \"key\" prop is being spread into JSX:\n  let props = %s;\n  <%s {...props} />\nReact keys must be passed directly to JSX without using spread:\n  let props = %s;\n  <%s key={someKey} {...props} />`,z,_,cr,_),Re[_+z]=!0}}return e===m?ur(f):or(f),f}}var lr=sr;q.Fragment=m,q.jsxDEV=lr})()});var Se=G((Pr,Pe)=>{\"use strict\";Pe.exports=Oe()});var Tr={};hr(Tr,{default:()=>Rr,frontmatter:()=>Er});var C=yr(Se()),Er={title:\"Pinball_Machine\",description:\"This is a pinball machine simulation utilizing the pinball library 'libpb' framework by using C. Users can initialize the pinball machine by entering the ball\\u2019s starting position and XY-axis acceleration as they desire.\",repository:\"WeiLuo-1/pinball-machine\",date:new Date(16789248e5),published:!0};function je(s){return(0,C.jsxDEV)(C.Fragment,{},void 0,!1,{fileName:\"/home/weiluo/weiluo.com/content/projects/_mdx_bundler_entry_point-0489baed-c0fe-42c7-ad57-9a5b393fcb37.mdx\",lineNumber:1,columnNumber:1},this)}function _r(s={}){let{wrapper:l}=s.components||{};return l?(0,C.jsxDEV)(l,Object.assign({},s,{children:(0,C.jsxDEV)(je,s,void 0,!1,{fileName:\"/home/weiluo/weiluo.com/content/projects/_mdx_bundler_entry_point-0489baed-c0fe-42c7-ad57-9a5b393fcb37.mdx\"},this)}),void 0,!1,{fileName:\"/home/weiluo/weiluo.com/content/projects/_mdx_bundler_entry_point-0489baed-c0fe-42c7-ad57-9a5b393fcb37.mdx\"},this):je(s)}var Rr=_r;return mr(Tr);})();\n/*! Bundled license information:\n\nreact/cjs/react-jsx-dev-runtime.development.js:\n  (**\n   * @license React\n   * react-jsx-dev-runtime.development.js\n   *\n   * Copyright (c) Facebook, Inc. and its affiliates.\n   *\n   * This source code is licensed under the MIT license found in the\n   * LICENSE file in the root directory of this source tree.\n   *)\n*/\n;return Component;"
    },
    "_id": "projects/Pinball_Machine.mdx",
    "_raw": {
      "sourceFilePath": "projects/Pinball_Machine.mdx",
      "sourceFileName": "Pinball_Machine.mdx",
      "sourceFileDir": "projects",
      "contentType": "mdx",
      "flattenedPath": "projects/Pinball_Machine"
    },
    "type": "Project",
    "path": "/projects/Pinball_Machine",
    "slug": "Pinball_Machine"
  },
  {
    "published": true,
    "title": "Quandary_Interpreter",
    "description": "This is a custom interpreter for a new language called 'Quandary', including a parse, a lexer, and ASTs. Utilized Java with CUP for parsing, creating a robust and standards-compliant tool for language interpretation.",
    "date": "2024-04-15T00:00:00.000Z",
    "repository": "WeiLuo-1/Quandary-Interpreter",
    "body": {
      "raw": "",
      "code": "var Component=(()=>{var dr=Object.create;var I=Object.defineProperty;var vr=Object.getOwnPropertyDescriptor;var pr=Object.getOwnPropertyNames;var br=Object.getPrototypeOf,gr=Object.prototype.hasOwnProperty;var G=(s,l)=>()=>(l||s((l={exports:{}}).exports,l),l.exports),hr=(s,l)=>{for(var g in l)I(s,g,{get:l[g],enumerable:!0})},Te=(s,l,g,m)=>{if(l&&typeof l==\"object\"||typeof l==\"function\")for(let y of pr(l))!gr.call(s,y)&&y!==g&&I(s,y,{get:()=>l[y],enumerable:!(m=vr(l,y))||m.enumerable});return s};var yr=(s,l,g)=>(g=s!=null?dr(br(s)):{},Te(l||!s||!s.__esModule?I(g,\"default\",{value:s,enumerable:!0}):g,s)),mr=s=>Te(I({},\"__esModule\",{value:!0}),s);var Ce=G((Cr,we)=>{we.exports=React});var Oe=G(q=>{\"use strict\";(function(){\"use strict\";var s=Ce(),l=Symbol.for(\"react.element\"),g=Symbol.for(\"react.portal\"),m=Symbol.for(\"react.fragment\"),y=Symbol.for(\"react.strict_mode\"),J=Symbol.for(\"react.profiler\"),H=Symbol.for(\"react.provider\"),Q=Symbol.for(\"react.context\"),j=Symbol.for(\"react.forward_ref\"),W=Symbol.for(\"react.suspense\"),Y=Symbol.for(\"react.suspense_list\"),x=Symbol.for(\"react.memo\"),$=Symbol.for(\"react.lazy\"),xe=Symbol.for(\"react.offscreen\"),Z=Symbol.iterator,ke=\"@@iterator\";function De(e){if(e===null||typeof e!=\"object\")return null;var r=Z&&e[Z]||e[ke];return typeof r==\"function\"?r:null}var R=s.__SECRET_INTERNALS_DO_NOT_USE_OR_YOU_WILL_BE_FIRED;function d(e){{for(var r=arguments.length,t=new Array(r>1?r-1:0),n=1;n<r;n++)t[n-1]=arguments[n];Fe(\"error\",e,t)}}function Fe(e,r,t){{var n=R.ReactDebugCurrentFrame,o=n.getStackAddendum();o!==\"\"&&(r+=\"%s\",t=t.concat([o]));var u=t.map(function(i){return String(i)});u.unshift(\"Warning: \"+r),Function.prototype.apply.call(console[e],console,u)}}var Ae=!1,Ie=!1,We=!1,Ye=!1,$e=!1,ee;ee=Symbol.for(\"react.module.reference\");function Me(e){return!!(typeof e==\"string\"||typeof e==\"function\"||e===m||e===J||$e||e===y||e===W||e===Y||Ye||e===xe||Ae||Ie||We||typeof e==\"object\"&&e!==null&&(e.$$typeof===$||e.$$typeof===x||e.$$typeof===H||e.$$typeof===Q||e.$$typeof===j||e.$$typeof===ee||e.getModuleId!==void 0))}function Ve(e,r,t){var n=e.displayName;if(n)return n;var o=r.displayName||r.name||\"\";return o!==\"\"?t+\"(\"+o+\")\":t}function re(e){return e.displayName||\"Context\"}function h(e){if(e==null)return null;if(typeof e.tag==\"number\"&&d(\"Received an unexpected object in getComponentNameFromType(). This is likely a bug in React. Please file an issue.\"),typeof e==\"function\")return e.displayName||e.name||null;if(typeof e==\"string\")return e;switch(e){case m:return\"Fragment\";case g:return\"Portal\";case J:return\"Profiler\";case y:return\"StrictMode\";case W:return\"Suspense\";case Y:return\"SuspenseList\"}if(typeof e==\"object\")switch(e.$$typeof){case Q:var r=e;return re(r)+\".Consumer\";case H:var t=e;return re(t._context)+\".Provider\";case j:return Ve(e,e.render,\"ForwardRef\");case x:var n=e.displayName||null;return n!==null?n:h(e.type)||\"Memo\";case $:{var o=e,u=o._payload,i=o._init;try{return h(i(u))}catch{return null}}}return null}var E=Object.assign,O=0,te,ne,ae,ie,oe,ue,se;function le(){}le.__reactDisabledLog=!0;function Le(){{if(O===0){te=console.log,ne=console.info,ae=console.warn,ie=console.error,oe=console.group,ue=console.groupCollapsed,se=console.groupEnd;var e={configurable:!0,enumerable:!0,value:le,writable:!0};Object.defineProperties(console,{info:e,log:e,warn:e,error:e,group:e,groupCollapsed:e,groupEnd:e})}O++}}function Ne(){{if(O--,O===0){var e={configurable:!0,enumerable:!0,writable:!0};Object.defineProperties(console,{log:E({},e,{value:te}),info:E({},e,{value:ne}),warn:E({},e,{value:ae}),error:E({},e,{value:ie}),group:E({},e,{value:oe}),groupCollapsed:E({},e,{value:ue}),groupEnd:E({},e,{value:se})})}O<0&&d(\"disabledDepth fell below zero. This is a bug in React. Please file an issue.\")}}var M=R.ReactCurrentDispatcher,V;function k(e,r,t){{if(V===void 0)try{throw Error()}catch(o){var n=o.stack.trim().match(/\\n( *(at )?)/);V=n&&n[1]||\"\"}return`\n`+V+e}}var L=!1,D;{var Ue=typeof WeakMap==\"function\"?WeakMap:Map;D=new Ue}function fe(e,r){if(!e||L)return\"\";{var t=D.get(e);if(t!==void 0)return t}var n;L=!0;var o=Error.prepareStackTrace;Error.prepareStackTrace=void 0;var u;u=M.current,M.current=null,Le();try{if(r){var i=function(){throw Error()};if(Object.defineProperty(i.prototype,\"props\",{set:function(){throw Error()}}),typeof Reflect==\"object\"&&Reflect.construct){try{Reflect.construct(i,[])}catch(p){n=p}Reflect.construct(e,[],i)}else{try{i.call()}catch(p){n=p}e.call(i.prototype)}}else{try{throw Error()}catch(p){n=p}e()}}catch(p){if(p&&n&&typeof p.stack==\"string\"){for(var a=p.stack.split(`\n`),v=n.stack.split(`\n`),f=a.length-1,c=v.length-1;f>=1&&c>=0&&a[f]!==v[c];)c--;for(;f>=1&&c>=0;f--,c--)if(a[f]!==v[c]){if(f!==1||c!==1)do if(f--,c--,c<0||a[f]!==v[c]){var b=`\n`+a[f].replace(\" at new \",\" at \");return e.displayName&&b.includes(\"<anonymous>\")&&(b=b.replace(\"<anonymous>\",e.displayName)),typeof e==\"function\"&&D.set(e,b),b}while(f>=1&&c>=0);break}}}finally{L=!1,M.current=u,Ne(),Error.prepareStackTrace=o}var w=e?e.displayName||e.name:\"\",_=w?k(w):\"\";return typeof e==\"function\"&&D.set(e,_),_}function Be(e,r,t){return fe(e,!1)}function Ke(e){var r=e.prototype;return!!(r&&r.isReactComponent)}function F(e,r,t){if(e==null)return\"\";if(typeof e==\"function\")return fe(e,Ke(e));if(typeof e==\"string\")return k(e);switch(e){case W:return k(\"Suspense\");case Y:return k(\"SuspenseList\")}if(typeof e==\"object\")switch(e.$$typeof){case j:return Be(e.render);case x:return F(e.type,r,t);case $:{var n=e,o=n._payload,u=n._init;try{return F(u(o),r,t)}catch{}}}return\"\"}var S=Object.prototype.hasOwnProperty,ce={},de=R.ReactDebugCurrentFrame;function A(e){if(e){var r=e._owner,t=F(e.type,e._source,r?r.type:null);de.setExtraStackFrame(t)}else de.setExtraStackFrame(null)}function Xe(e,r,t,n,o){{var u=Function.call.bind(S);for(var i in e)if(u(e,i)){var a=void 0;try{if(typeof e[i]!=\"function\"){var v=Error((n||\"React class\")+\": \"+t+\" type `\"+i+\"` is invalid; it must be a function, usually from the `prop-types` package, but received `\"+typeof e[i]+\"`.This often happens because of typos such as `PropTypes.function` instead of `PropTypes.func`.\");throw v.name=\"Invariant Violation\",v}a=e[i](r,i,n,t,null,\"SECRET_DO_NOT_PASS_THIS_OR_YOU_WILL_BE_FIRED\")}catch(f){a=f}a&&!(a instanceof Error)&&(A(o),d(\"%s: type specification of %s `%s` is invalid; the type checker function must return `null` or an `Error` but returned a %s. You may have forgotten to pass an argument to the type checker creator (arrayOf, instanceOf, objectOf, oneOf, oneOfType, and shape all require an argument).\",n||\"React class\",t,i,typeof a),A(null)),a instanceof Error&&!(a.message in ce)&&(ce[a.message]=!0,A(o),d(\"Failed %s type: %s\",t,a.message),A(null))}}}var ze=Array.isArray;function N(e){return ze(e)}function Ge(e){{var r=typeof Symbol==\"function\"&&Symbol.toStringTag,t=r&&e[Symbol.toStringTag]||e.constructor.name||\"Object\";return t}}function qe(e){try{return ve(e),!1}catch{return!0}}function ve(e){return\"\"+e}function pe(e){if(qe(e))return d(\"The provided key is an unsupported type %s. This value must be coerced to a string before before using it here.\",Ge(e)),ve(e)}var P=R.ReactCurrentOwner,Je={key:!0,ref:!0,__self:!0,__source:!0},be,ge,U;U={};function He(e){if(S.call(e,\"ref\")){var r=Object.getOwnPropertyDescriptor(e,\"ref\").get;if(r&&r.isReactWarning)return!1}return e.ref!==void 0}function Qe(e){if(S.call(e,\"key\")){var r=Object.getOwnPropertyDescriptor(e,\"key\").get;if(r&&r.isReactWarning)return!1}return e.key!==void 0}function Ze(e,r){if(typeof e.ref==\"string\"&&P.current&&r&&P.current.stateNode!==r){var t=h(P.current.type);U[t]||(d('Component \"%s\" contains the string ref \"%s\". Support for string refs will be removed in a future major release. This case cannot be automatically converted to an arrow function. We ask you to manually fix this case by using useRef() or createRef() instead. Learn more about using refs safely here: https://reactjs.org/link/strict-mode-string-ref',h(P.current.type),e.ref),U[t]=!0)}}function er(e,r){{var t=function(){be||(be=!0,d(\"%s: `key` is not a prop. Trying to access it will result in `undefined` being returned. If you need to access the same value within the child component, you should pass it as a different prop. (https://reactjs.org/link/special-props)\",r))};t.isReactWarning=!0,Object.defineProperty(e,\"key\",{get:t,configurable:!0})}}function rr(e,r){{var t=function(){ge||(ge=!0,d(\"%s: `ref` is not a prop. Trying to access it will result in `undefined` being returned. If you need to access the same value within the child component, you should pass it as a different prop. (https://reactjs.org/link/special-props)\",r))};t.isReactWarning=!0,Object.defineProperty(e,\"ref\",{get:t,configurable:!0})}}var tr=function(e,r,t,n,o,u,i){var a={$$typeof:l,type:e,key:r,ref:t,props:i,_owner:u};return a._store={},Object.defineProperty(a._store,\"validated\",{configurable:!1,enumerable:!1,writable:!0,value:!1}),Object.defineProperty(a,\"_self\",{configurable:!1,enumerable:!1,writable:!1,value:n}),Object.defineProperty(a,\"_source\",{configurable:!1,enumerable:!1,writable:!1,value:o}),Object.freeze&&(Object.freeze(a.props),Object.freeze(a)),a};function nr(e,r,t,n,o){{var u,i={},a=null,v=null;t!==void 0&&(pe(t),a=\"\"+t),Qe(r)&&(pe(r.key),a=\"\"+r.key),He(r)&&(v=r.ref,Ze(r,o));for(u in r)S.call(r,u)&&!Je.hasOwnProperty(u)&&(i[u]=r[u]);if(e&&e.defaultProps){var f=e.defaultProps;for(u in f)i[u]===void 0&&(i[u]=f[u])}if(a||v){var c=typeof e==\"function\"?e.displayName||e.name||\"Unknown\":e;a&&er(i,c),v&&rr(i,c)}return tr(e,a,v,o,n,P.current,i)}}var B=R.ReactCurrentOwner,he=R.ReactDebugCurrentFrame;function T(e){if(e){var r=e._owner,t=F(e.type,e._source,r?r.type:null);he.setExtraStackFrame(t)}else he.setExtraStackFrame(null)}var K;K=!1;function X(e){return typeof e==\"object\"&&e!==null&&e.$$typeof===l}function ye(){{if(B.current){var e=h(B.current.type);if(e)return`\n\nCheck the render method of \\``+e+\"`.\"}return\"\"}}function ar(e){{if(e!==void 0){var r=e.fileName.replace(/^.*[\\\\\\/]/,\"\"),t=e.lineNumber;return`\n\nCheck your code at `+r+\":\"+t+\".\"}return\"\"}}var me={};function ir(e){{var r=ye();if(!r){var t=typeof e==\"string\"?e:e.displayName||e.name;t&&(r=`\n\nCheck the top-level render call using <`+t+\">.\")}return r}}function Ee(e,r){{if(!e._store||e._store.validated||e.key!=null)return;e._store.validated=!0;var t=ir(r);if(me[t])return;me[t]=!0;var n=\"\";e&&e._owner&&e._owner!==B.current&&(n=\" It was passed a child from \"+h(e._owner.type)+\".\"),T(e),d('Each child in a list should have a unique \"key\" prop.%s%s See https://reactjs.org/link/warning-keys for more information.',t,n),T(null)}}function _e(e,r){{if(typeof e!=\"object\")return;if(N(e))for(var t=0;t<e.length;t++){var n=e[t];X(n)&&Ee(n,r)}else if(X(e))e._store&&(e._store.validated=!0);else if(e){var o=De(e);if(typeof o==\"function\"&&o!==e.entries)for(var u=o.call(e),i;!(i=u.next()).done;)X(i.value)&&Ee(i.value,r)}}}function or(e){{var r=e.type;if(r==null||typeof r==\"string\")return;var t;if(typeof r==\"function\")t=r.propTypes;else if(typeof r==\"object\"&&(r.$$typeof===j||r.$$typeof===x))t=r.propTypes;else return;if(t){var n=h(r);Xe(t,e.props,\"prop\",n,e)}else if(r.PropTypes!==void 0&&!K){K=!0;var o=h(r);d(\"Component %s declared `PropTypes` instead of `propTypes`. Did you misspell the property assignment?\",o||\"Unknown\")}typeof r.getDefaultProps==\"function\"&&!r.getDefaultProps.isReactClassApproved&&d(\"getDefaultProps is only used on classic React.createClass definitions. Use a static property named `defaultProps` instead.\")}}function ur(e){{for(var r=Object.keys(e.props),t=0;t<r.length;t++){var n=r[t];if(n!==\"children\"&&n!==\"key\"){T(e),d(\"Invalid prop `%s` supplied to `React.Fragment`. React.Fragment can only have `key` and `children` props.\",n),T(null);break}}e.ref!==null&&(T(e),d(\"Invalid attribute `ref` supplied to `React.Fragment`.\"),T(null))}}var Re={};function sr(e,r,t,n,o,u){{var i=Me(e);if(!i){var a=\"\";(e===void 0||typeof e==\"object\"&&e!==null&&Object.keys(e).length===0)&&(a+=\" You likely forgot to export your component from the file it's defined in, or you might have mixed up default and named imports.\");var v=ar(o);v?a+=v:a+=ye();var f;e===null?f=\"null\":N(e)?f=\"array\":e!==void 0&&e.$$typeof===l?(f=\"<\"+(h(e.type)||\"Unknown\")+\" />\",a=\" Did you accidentally export a JSX literal instead of a component?\"):f=typeof e,d(\"React.jsx: type is invalid -- expected a string (for built-in components) or a class/function (for composite components) but got: %s.%s\",f,a)}var c=nr(e,r,t,o,u);if(c==null)return c;if(i){var b=r.children;if(b!==void 0)if(n)if(N(b)){for(var w=0;w<b.length;w++)_e(b[w],e);Object.freeze&&Object.freeze(b)}else d(\"React.jsx: Static children should always be an array. You are likely explicitly calling React.jsxs or React.jsxDEV. Use the Babel transform instead.\");else _e(b,e)}if(S.call(r,\"key\")){var _=h(e),p=Object.keys(r).filter(function(cr){return cr!==\"key\"}),z=p.length>0?\"{key: someKey, \"+p.join(\": ..., \")+\": ...}\":\"{key: someKey}\";if(!Re[_+z]){var fr=p.length>0?\"{\"+p.join(\": ..., \")+\": ...}\":\"{}\";d(`A props object containing a \"key\" prop is being spread into JSX:\n  let props = %s;\n  <%s {...props} />\nReact keys must be passed directly to JSX without using spread:\n  let props = %s;\n  <%s key={someKey} {...props} />`,z,_,fr,_),Re[_+z]=!0}}return e===m?ur(c):or(c),c}}var lr=sr;q.Fragment=m,q.jsxDEV=lr})()});var Pe=G((Sr,Se)=>{\"use strict\";Se.exports=Oe()});var Tr={};hr(Tr,{default:()=>Rr,frontmatter:()=>Er});var C=yr(Pe()),Er={title:\"Quandary_Interpreter\",description:\"This is a custom interpreter for a new language called 'Quandary', including a parse, a lexer, and ASTs. Utilized Java with CUP for parsing, creating a robust and standards-compliant tool for language interpretation.\",repository:\"WeiLuo-1/Quandary-Interpreter\",date:new Date(17131392e5),published:!0};function je(s){return(0,C.jsxDEV)(C.Fragment,{},void 0,!1,{fileName:\"/home/weiluo/weiluo.com/content/projects/_mdx_bundler_entry_point-26aa8c0e-560b-4531-b234-6bae768e1308.mdx\",lineNumber:1,columnNumber:1},this)}function _r(s={}){let{wrapper:l}=s.components||{};return l?(0,C.jsxDEV)(l,Object.assign({},s,{children:(0,C.jsxDEV)(je,s,void 0,!1,{fileName:\"/home/weiluo/weiluo.com/content/projects/_mdx_bundler_entry_point-26aa8c0e-560b-4531-b234-6bae768e1308.mdx\"},this)}),void 0,!1,{fileName:\"/home/weiluo/weiluo.com/content/projects/_mdx_bundler_entry_point-26aa8c0e-560b-4531-b234-6bae768e1308.mdx\"},this):je(s)}var Rr=_r;return mr(Tr);})();\n/*! Bundled license information:\n\nreact/cjs/react-jsx-dev-runtime.development.js:\n  (**\n   * @license React\n   * react-jsx-dev-runtime.development.js\n   *\n   * Copyright (c) Facebook, Inc. and its affiliates.\n   *\n   * This source code is licensed under the MIT license found in the\n   * LICENSE file in the root directory of this source tree.\n   *)\n*/\n;return Component;"
    },
    "_id": "projects/Quandary_Interpreter.mdx",
    "_raw": {
      "sourceFilePath": "projects/Quandary_Interpreter.mdx",
      "sourceFileName": "Quandary_Interpreter.mdx",
      "sourceFileDir": "projects",
      "contentType": "mdx",
      "flattenedPath": "projects/Quandary_Interpreter"
    },
    "type": "Project",
    "path": "/projects/Quandary_Interpreter",
    "slug": "Quandary_Interpreter"
  },
  {
    "published": true,
    "title": "ZeldaSorcerer1942",
    "description": "This is a 2D game with comprehensive player controls, collision detection, and game state management. Include a normal and nightmare mode, a boss fight is in nightmare mode to improve playability.",
    "date": "2024-04-16T00:00:00.000Z",
    "repository": "GameDevTeams/ZeldaSorcerer1942",
    "body": {
      "raw": "",
      "code": "var Component=(()=>{var dr=Object.create;var I=Object.defineProperty;var vr=Object.getOwnPropertyDescriptor;var pr=Object.getOwnPropertyNames;var gr=Object.getPrototypeOf,br=Object.prototype.hasOwnProperty;var q=(s,l)=>()=>(l||s((l={exports:{}}).exports,l),l.exports),mr=(s,l)=>{for(var b in l)I(s,b,{get:l[b],enumerable:!0})},Te=(s,l,b,y)=>{if(l&&typeof l==\"object\"||typeof l==\"function\")for(let h of pr(l))!br.call(s,h)&&h!==b&&I(s,h,{get:()=>l[h],enumerable:!(y=vr(l,h))||y.enumerable});return s};var hr=(s,l,b)=>(b=s!=null?dr(gr(s)):{},Te(l||!s||!s.__esModule?I(b,\"default\",{value:s,enumerable:!0}):b,s)),yr=s=>Te(I({},\"__esModule\",{value:!0}),s);var Ce=q((Cr,we)=>{we.exports=React});var Se=q(z=>{\"use strict\";(function(){\"use strict\";var s=Ce(),l=Symbol.for(\"react.element\"),b=Symbol.for(\"react.portal\"),y=Symbol.for(\"react.fragment\"),h=Symbol.for(\"react.strict_mode\"),H=Symbol.for(\"react.profiler\"),J=Symbol.for(\"react.provider\"),Z=Symbol.for(\"react.context\"),j=Symbol.for(\"react.forward_ref\"),W=Symbol.for(\"react.suspense\"),Y=Symbol.for(\"react.suspense_list\"),x=Symbol.for(\"react.memo\"),$=Symbol.for(\"react.lazy\"),xe=Symbol.for(\"react.offscreen\"),Q=Symbol.iterator,ke=\"@@iterator\";function De(e){if(e===null||typeof e!=\"object\")return null;var r=Q&&e[Q]||e[ke];return typeof r==\"function\"?r:null}var R=s.__SECRET_INTERNALS_DO_NOT_USE_OR_YOU_WILL_BE_FIRED;function d(e){{for(var r=arguments.length,t=new Array(r>1?r-1:0),n=1;n<r;n++)t[n-1]=arguments[n];Fe(\"error\",e,t)}}function Fe(e,r,t){{var n=R.ReactDebugCurrentFrame,o=n.getStackAddendum();o!==\"\"&&(r+=\"%s\",t=t.concat([o]));var u=t.map(function(i){return String(i)});u.unshift(\"Warning: \"+r),Function.prototype.apply.call(console[e],console,u)}}var Ae=!1,Ie=!1,We=!1,Ye=!1,$e=!1,ee;ee=Symbol.for(\"react.module.reference\");function Me(e){return!!(typeof e==\"string\"||typeof e==\"function\"||e===y||e===H||$e||e===h||e===W||e===Y||Ye||e===xe||Ae||Ie||We||typeof e==\"object\"&&e!==null&&(e.$$typeof===$||e.$$typeof===x||e.$$typeof===J||e.$$typeof===Z||e.$$typeof===j||e.$$typeof===ee||e.getModuleId!==void 0))}function Ve(e,r,t){var n=e.displayName;if(n)return n;var o=r.displayName||r.name||\"\";return o!==\"\"?t+\"(\"+o+\")\":t}function re(e){return e.displayName||\"Context\"}function m(e){if(e==null)return null;if(typeof e.tag==\"number\"&&d(\"Received an unexpected object in getComponentNameFromType(). This is likely a bug in React. Please file an issue.\"),typeof e==\"function\")return e.displayName||e.name||null;if(typeof e==\"string\")return e;switch(e){case y:return\"Fragment\";case b:return\"Portal\";case H:return\"Profiler\";case h:return\"StrictMode\";case W:return\"Suspense\";case Y:return\"SuspenseList\"}if(typeof e==\"object\")switch(e.$$typeof){case Z:var r=e;return re(r)+\".Consumer\";case J:var t=e;return re(t._context)+\".Provider\";case j:return Ve(e,e.render,\"ForwardRef\");case x:var n=e.displayName||null;return n!==null?n:m(e.type)||\"Memo\";case $:{var o=e,u=o._payload,i=o._init;try{return m(i(u))}catch{return null}}}return null}var E=Object.assign,S=0,te,ne,ae,ie,oe,ue,se;function le(){}le.__reactDisabledLog=!0;function Ne(){{if(S===0){te=console.log,ne=console.info,ae=console.warn,ie=console.error,oe=console.group,ue=console.groupCollapsed,se=console.groupEnd;var e={configurable:!0,enumerable:!0,value:le,writable:!0};Object.defineProperties(console,{info:e,log:e,warn:e,error:e,group:e,groupCollapsed:e,groupEnd:e})}S++}}function Le(){{if(S--,S===0){var e={configurable:!0,enumerable:!0,writable:!0};Object.defineProperties(console,{log:E({},e,{value:te}),info:E({},e,{value:ne}),warn:E({},e,{value:ae}),error:E({},e,{value:ie}),group:E({},e,{value:oe}),groupCollapsed:E({},e,{value:ue}),groupEnd:E({},e,{value:se})})}S<0&&d(\"disabledDepth fell below zero. This is a bug in React. Please file an issue.\")}}var M=R.ReactCurrentDispatcher,V;function k(e,r,t){{if(V===void 0)try{throw Error()}catch(o){var n=o.stack.trim().match(/\\n( *(at )?)/);V=n&&n[1]||\"\"}return`\n`+V+e}}var N=!1,D;{var Ue=typeof WeakMap==\"function\"?WeakMap:Map;D=new Ue}function fe(e,r){if(!e||N)return\"\";{var t=D.get(e);if(t!==void 0)return t}var n;N=!0;var o=Error.prepareStackTrace;Error.prepareStackTrace=void 0;var u;u=M.current,M.current=null,Ne();try{if(r){var i=function(){throw Error()};if(Object.defineProperty(i.prototype,\"props\",{set:function(){throw Error()}}),typeof Reflect==\"object\"&&Reflect.construct){try{Reflect.construct(i,[])}catch(p){n=p}Reflect.construct(e,[],i)}else{try{i.call()}catch(p){n=p}e.call(i.prototype)}}else{try{throw Error()}catch(p){n=p}e()}}catch(p){if(p&&n&&typeof p.stack==\"string\"){for(var a=p.stack.split(`\n`),v=n.stack.split(`\n`),f=a.length-1,c=v.length-1;f>=1&&c>=0&&a[f]!==v[c];)c--;for(;f>=1&&c>=0;f--,c--)if(a[f]!==v[c]){if(f!==1||c!==1)do if(f--,c--,c<0||a[f]!==v[c]){var g=`\n`+a[f].replace(\" at new \",\" at \");return e.displayName&&g.includes(\"<anonymous>\")&&(g=g.replace(\"<anonymous>\",e.displayName)),typeof e==\"function\"&&D.set(e,g),g}while(f>=1&&c>=0);break}}}finally{N=!1,M.current=u,Le(),Error.prepareStackTrace=o}var w=e?e.displayName||e.name:\"\",_=w?k(w):\"\";return typeof e==\"function\"&&D.set(e,_),_}function Be(e,r,t){return fe(e,!1)}function Ke(e){var r=e.prototype;return!!(r&&r.isReactComponent)}function F(e,r,t){if(e==null)return\"\";if(typeof e==\"function\")return fe(e,Ke(e));if(typeof e==\"string\")return k(e);switch(e){case W:return k(\"Suspense\");case Y:return k(\"SuspenseList\")}if(typeof e==\"object\")switch(e.$$typeof){case j:return Be(e.render);case x:return F(e.type,r,t);case $:{var n=e,o=n._payload,u=n._init;try{return F(u(o),r,t)}catch{}}}return\"\"}var O=Object.prototype.hasOwnProperty,ce={},de=R.ReactDebugCurrentFrame;function A(e){if(e){var r=e._owner,t=F(e.type,e._source,r?r.type:null);de.setExtraStackFrame(t)}else de.setExtraStackFrame(null)}function Ge(e,r,t,n,o){{var u=Function.call.bind(O);for(var i in e)if(u(e,i)){var a=void 0;try{if(typeof e[i]!=\"function\"){var v=Error((n||\"React class\")+\": \"+t+\" type `\"+i+\"` is invalid; it must be a function, usually from the `prop-types` package, but received `\"+typeof e[i]+\"`.This often happens because of typos such as `PropTypes.function` instead of `PropTypes.func`.\");throw v.name=\"Invariant Violation\",v}a=e[i](r,i,n,t,null,\"SECRET_DO_NOT_PASS_THIS_OR_YOU_WILL_BE_FIRED\")}catch(f){a=f}a&&!(a instanceof Error)&&(A(o),d(\"%s: type specification of %s `%s` is invalid; the type checker function must return `null` or an `Error` but returned a %s. You may have forgotten to pass an argument to the type checker creator (arrayOf, instanceOf, objectOf, oneOf, oneOfType, and shape all require an argument).\",n||\"React class\",t,i,typeof a),A(null)),a instanceof Error&&!(a.message in ce)&&(ce[a.message]=!0,A(o),d(\"Failed %s type: %s\",t,a.message),A(null))}}}var Xe=Array.isArray;function L(e){return Xe(e)}function qe(e){{var r=typeof Symbol==\"function\"&&Symbol.toStringTag,t=r&&e[Symbol.toStringTag]||e.constructor.name||\"Object\";return t}}function ze(e){try{return ve(e),!1}catch{return!0}}function ve(e){return\"\"+e}function pe(e){if(ze(e))return d(\"The provided key is an unsupported type %s. This value must be coerced to a string before before using it here.\",qe(e)),ve(e)}var P=R.ReactCurrentOwner,He={key:!0,ref:!0,__self:!0,__source:!0},ge,be,U;U={};function Je(e){if(O.call(e,\"ref\")){var r=Object.getOwnPropertyDescriptor(e,\"ref\").get;if(r&&r.isReactWarning)return!1}return e.ref!==void 0}function Ze(e){if(O.call(e,\"key\")){var r=Object.getOwnPropertyDescriptor(e,\"key\").get;if(r&&r.isReactWarning)return!1}return e.key!==void 0}function Qe(e,r){if(typeof e.ref==\"string\"&&P.current&&r&&P.current.stateNode!==r){var t=m(P.current.type);U[t]||(d('Component \"%s\" contains the string ref \"%s\". Support for string refs will be removed in a future major release. This case cannot be automatically converted to an arrow function. We ask you to manually fix this case by using useRef() or createRef() instead. Learn more about using refs safely here: https://reactjs.org/link/strict-mode-string-ref',m(P.current.type),e.ref),U[t]=!0)}}function er(e,r){{var t=function(){ge||(ge=!0,d(\"%s: `key` is not a prop. Trying to access it will result in `undefined` being returned. If you need to access the same value within the child component, you should pass it as a different prop. (https://reactjs.org/link/special-props)\",r))};t.isReactWarning=!0,Object.defineProperty(e,\"key\",{get:t,configurable:!0})}}function rr(e,r){{var t=function(){be||(be=!0,d(\"%s: `ref` is not a prop. Trying to access it will result in `undefined` being returned. If you need to access the same value within the child component, you should pass it as a different prop. (https://reactjs.org/link/special-props)\",r))};t.isReactWarning=!0,Object.defineProperty(e,\"ref\",{get:t,configurable:!0})}}var tr=function(e,r,t,n,o,u,i){var a={$$typeof:l,type:e,key:r,ref:t,props:i,_owner:u};return a._store={},Object.defineProperty(a._store,\"validated\",{configurable:!1,enumerable:!1,writable:!0,value:!1}),Object.defineProperty(a,\"_self\",{configurable:!1,enumerable:!1,writable:!1,value:n}),Object.defineProperty(a,\"_source\",{configurable:!1,enumerable:!1,writable:!1,value:o}),Object.freeze&&(Object.freeze(a.props),Object.freeze(a)),a};function nr(e,r,t,n,o){{var u,i={},a=null,v=null;t!==void 0&&(pe(t),a=\"\"+t),Ze(r)&&(pe(r.key),a=\"\"+r.key),Je(r)&&(v=r.ref,Qe(r,o));for(u in r)O.call(r,u)&&!He.hasOwnProperty(u)&&(i[u]=r[u]);if(e&&e.defaultProps){var f=e.defaultProps;for(u in f)i[u]===void 0&&(i[u]=f[u])}if(a||v){var c=typeof e==\"function\"?e.displayName||e.name||\"Unknown\":e;a&&er(i,c),v&&rr(i,c)}return tr(e,a,v,o,n,P.current,i)}}var B=R.ReactCurrentOwner,me=R.ReactDebugCurrentFrame;function T(e){if(e){var r=e._owner,t=F(e.type,e._source,r?r.type:null);me.setExtraStackFrame(t)}else me.setExtraStackFrame(null)}var K;K=!1;function G(e){return typeof e==\"object\"&&e!==null&&e.$$typeof===l}function he(){{if(B.current){var e=m(B.current.type);if(e)return`\n\nCheck the render method of \\``+e+\"`.\"}return\"\"}}function ar(e){{if(e!==void 0){var r=e.fileName.replace(/^.*[\\\\\\/]/,\"\"),t=e.lineNumber;return`\n\nCheck your code at `+r+\":\"+t+\".\"}return\"\"}}var ye={};function ir(e){{var r=he();if(!r){var t=typeof e==\"string\"?e:e.displayName||e.name;t&&(r=`\n\nCheck the top-level render call using <`+t+\">.\")}return r}}function Ee(e,r){{if(!e._store||e._store.validated||e.key!=null)return;e._store.validated=!0;var t=ir(r);if(ye[t])return;ye[t]=!0;var n=\"\";e&&e._owner&&e._owner!==B.current&&(n=\" It was passed a child from \"+m(e._owner.type)+\".\"),T(e),d('Each child in a list should have a unique \"key\" prop.%s%s See https://reactjs.org/link/warning-keys for more information.',t,n),T(null)}}function _e(e,r){{if(typeof e!=\"object\")return;if(L(e))for(var t=0;t<e.length;t++){var n=e[t];G(n)&&Ee(n,r)}else if(G(e))e._store&&(e._store.validated=!0);else if(e){var o=De(e);if(typeof o==\"function\"&&o!==e.entries)for(var u=o.call(e),i;!(i=u.next()).done;)G(i.value)&&Ee(i.value,r)}}}function or(e){{var r=e.type;if(r==null||typeof r==\"string\")return;var t;if(typeof r==\"function\")t=r.propTypes;else if(typeof r==\"object\"&&(r.$$typeof===j||r.$$typeof===x))t=r.propTypes;else return;if(t){var n=m(r);Ge(t,e.props,\"prop\",n,e)}else if(r.PropTypes!==void 0&&!K){K=!0;var o=m(r);d(\"Component %s declared `PropTypes` instead of `propTypes`. Did you misspell the property assignment?\",o||\"Unknown\")}typeof r.getDefaultProps==\"function\"&&!r.getDefaultProps.isReactClassApproved&&d(\"getDefaultProps is only used on classic React.createClass definitions. Use a static property named `defaultProps` instead.\")}}function ur(e){{for(var r=Object.keys(e.props),t=0;t<r.length;t++){var n=r[t];if(n!==\"children\"&&n!==\"key\"){T(e),d(\"Invalid prop `%s` supplied to `React.Fragment`. React.Fragment can only have `key` and `children` props.\",n),T(null);break}}e.ref!==null&&(T(e),d(\"Invalid attribute `ref` supplied to `React.Fragment`.\"),T(null))}}var Re={};function sr(e,r,t,n,o,u){{var i=Me(e);if(!i){var a=\"\";(e===void 0||typeof e==\"object\"&&e!==null&&Object.keys(e).length===0)&&(a+=\" You likely forgot to export your component from the file it's defined in, or you might have mixed up default and named imports.\");var v=ar(o);v?a+=v:a+=he();var f;e===null?f=\"null\":L(e)?f=\"array\":e!==void 0&&e.$$typeof===l?(f=\"<\"+(m(e.type)||\"Unknown\")+\" />\",a=\" Did you accidentally export a JSX literal instead of a component?\"):f=typeof e,d(\"React.jsx: type is invalid -- expected a string (for built-in components) or a class/function (for composite components) but got: %s.%s\",f,a)}var c=nr(e,r,t,o,u);if(c==null)return c;if(i){var g=r.children;if(g!==void 0)if(n)if(L(g)){for(var w=0;w<g.length;w++)_e(g[w],e);Object.freeze&&Object.freeze(g)}else d(\"React.jsx: Static children should always be an array. You are likely explicitly calling React.jsxs or React.jsxDEV. Use the Babel transform instead.\");else _e(g,e)}if(O.call(r,\"key\")){var _=m(e),p=Object.keys(r).filter(function(cr){return cr!==\"key\"}),X=p.length>0?\"{key: someKey, \"+p.join(\": ..., \")+\": ...}\":\"{key: someKey}\";if(!Re[_+X]){var fr=p.length>0?\"{\"+p.join(\": ..., \")+\": ...}\":\"{}\";d(`A props object containing a \"key\" prop is being spread into JSX:\n  let props = %s;\n  <%s {...props} />\nReact keys must be passed directly to JSX without using spread:\n  let props = %s;\n  <%s key={someKey} {...props} />`,X,_,fr,_),Re[_+X]=!0}}return e===y?ur(c):or(c),c}}var lr=sr;z.Fragment=y,z.jsxDEV=lr})()});var Pe=q((Or,Oe)=>{\"use strict\";Oe.exports=Se()});var Tr={};mr(Tr,{default:()=>Rr,frontmatter:()=>Er});var C=hr(Pe()),Er={title:\"ZeldaSorcerer1942\",description:\"This is a 2D game with comprehensive player controls, collision detection, and game state management. Include a normal and nightmare mode, a boss fight is in nightmare mode to improve playability.\",repository:\"GameDevTeams/ZeldaSorcerer1942\",date:new Date(17132256e5),published:!0};function je(s){return(0,C.jsxDEV)(C.Fragment,{},void 0,!1,{fileName:\"/home/weiluo/weiluo.com/content/projects/_mdx_bundler_entry_point-55cab7d8-d153-4f13-a00c-25214d20f3ae.mdx\",lineNumber:1,columnNumber:1},this)}function _r(s={}){let{wrapper:l}=s.components||{};return l?(0,C.jsxDEV)(l,Object.assign({},s,{children:(0,C.jsxDEV)(je,s,void 0,!1,{fileName:\"/home/weiluo/weiluo.com/content/projects/_mdx_bundler_entry_point-55cab7d8-d153-4f13-a00c-25214d20f3ae.mdx\"},this)}),void 0,!1,{fileName:\"/home/weiluo/weiluo.com/content/projects/_mdx_bundler_entry_point-55cab7d8-d153-4f13-a00c-25214d20f3ae.mdx\"},this):je(s)}var Rr=_r;return yr(Tr);})();\n/*! Bundled license information:\n\nreact/cjs/react-jsx-dev-runtime.development.js:\n  (**\n   * @license React\n   * react-jsx-dev-runtime.development.js\n   *\n   * Copyright (c) Facebook, Inc. and its affiliates.\n   *\n   * This source code is licensed under the MIT license found in the\n   * LICENSE file in the root directory of this source tree.\n   *)\n*/\n;return Component;"
    },
    "_id": "projects/ZeldaSorcerer1942.mdx",
    "_raw": {
      "sourceFilePath": "projects/ZeldaSorcerer1942.mdx",
      "sourceFileName": "ZeldaSorcerer1942.mdx",
      "sourceFileDir": "projects",
      "contentType": "mdx",
      "flattenedPath": "projects/ZeldaSorcerer1942"
    },
    "type": "Project",
    "path": "/projects/ZeldaSorcerer1942",
    "slug": "ZeldaSorcerer1942"
  }
]