{
  "published": true,
  "title": "Maze_Challenge",
  "description": "This is designed and implemented a maze game using Pygame, offers players both manual and automated gameplay option. Automated gameplay requires a search algorithm wrote by player.",
  "date": "2023-10-29T00:00:00.000Z",
  "repository": "GameDevTeams/Maze-Challenge",
  "body": {
    "raw": "",
    "code": "var Component=(()=>{var dr=Object.create;var I=Object.defineProperty;var vr=Object.getOwnPropertyDescriptor;var pr=Object.getOwnPropertyNames;var gr=Object.getPrototypeOf,br=Object.prototype.hasOwnProperty;var X=(s,l)=>()=>(l||s((l={exports:{}}).exports,l),l.exports),mr=(s,l)=>{for(var b in l)I(s,b,{get:l[b],enumerable:!0})},Te=(s,l,b,y)=>{if(l&&typeof l==\"object\"||typeof l==\"function\")for(let h of pr(l))!br.call(s,h)&&h!==b&&I(s,h,{get:()=>l[h],enumerable:!(y=vr(l,h))||y.enumerable});return s};var hr=(s,l,b)=>(b=s!=null?dr(gr(s)):{},Te(l||!s||!s.__esModule?I(b,\"default\",{value:s,enumerable:!0}):b,s)),yr=s=>Te(I({},\"__esModule\",{value:!0}),s);var Ce=X((Cr,we)=>{we.exports=React});var Oe=X(q=>{\"use strict\";(function(){\"use strict\";var s=Ce(),l=Symbol.for(\"react.element\"),b=Symbol.for(\"react.portal\"),y=Symbol.for(\"react.fragment\"),h=Symbol.for(\"react.strict_mode\"),H=Symbol.for(\"react.profiler\"),J=Symbol.for(\"react.provider\"),Z=Symbol.for(\"react.context\"),j=Symbol.for(\"react.forward_ref\"),W=Symbol.for(\"react.suspense\"),Y=Symbol.for(\"react.suspense_list\"),x=Symbol.for(\"react.memo\"),$=Symbol.for(\"react.lazy\"),xe=Symbol.for(\"react.offscreen\"),Q=Symbol.iterator,ke=\"@@iterator\";function De(e){if(e===null||typeof e!=\"object\")return null;var r=Q&&e[Q]||e[ke];return typeof r==\"function\"?r:null}var R=s.__SECRET_INTERNALS_DO_NOT_USE_OR_YOU_WILL_BE_FIRED;function d(e){{for(var r=arguments.length,t=new Array(r>1?r-1:0),n=1;n<r;n++)t[n-1]=arguments[n];Fe(\"error\",e,t)}}function Fe(e,r,t){{var n=R.ReactDebugCurrentFrame,o=n.getStackAddendum();o!==\"\"&&(r+=\"%s\",t=t.concat([o]));var u=t.map(function(i){return String(i)});u.unshift(\"Warning: \"+r),Function.prototype.apply.call(console[e],console,u)}}var Ae=!1,Ie=!1,We=!1,Ye=!1,$e=!1,ee;ee=Symbol.for(\"react.module.reference\");function Me(e){return!!(typeof e==\"string\"||typeof e==\"function\"||e===y||e===H||$e||e===h||e===W||e===Y||Ye||e===xe||Ae||Ie||We||typeof e==\"object\"&&e!==null&&(e.$$typeof===$||e.$$typeof===x||e.$$typeof===J||e.$$typeof===Z||e.$$typeof===j||e.$$typeof===ee||e.getModuleId!==void 0))}function Ve(e,r,t){var n=e.displayName;if(n)return n;var o=r.displayName||r.name||\"\";return o!==\"\"?t+\"(\"+o+\")\":t}function re(e){return e.displayName||\"Context\"}function m(e){if(e==null)return null;if(typeof e.tag==\"number\"&&d(\"Received an unexpected object in getComponentNameFromType(). This is likely a bug in React. Please file an issue.\"),typeof e==\"function\")return e.displayName||e.name||null;if(typeof e==\"string\")return e;switch(e){case y:return\"Fragment\";case b:return\"Portal\";case H:return\"Profiler\";case h:return\"StrictMode\";case W:return\"Suspense\";case Y:return\"SuspenseList\"}if(typeof e==\"object\")switch(e.$$typeof){case Z:var r=e;return re(r)+\".Consumer\";case J:var t=e;return re(t._context)+\".Provider\";case j:return Ve(e,e.render,\"ForwardRef\");case x:var n=e.displayName||null;return n!==null?n:m(e.type)||\"Memo\";case $:{var o=e,u=o._payload,i=o._init;try{return m(i(u))}catch{return null}}}return null}var E=Object.assign,O=0,te,ne,ae,ie,oe,ue,se;function le(){}le.__reactDisabledLog=!0;function Ne(){{if(O===0){te=console.log,ne=console.info,ae=console.warn,ie=console.error,oe=console.group,ue=console.groupCollapsed,se=console.groupEnd;var e={configurable:!0,enumerable:!0,value:le,writable:!0};Object.defineProperties(console,{info:e,log:e,warn:e,error:e,group:e,groupCollapsed:e,groupEnd:e})}O++}}function Le(){{if(O--,O===0){var e={configurable:!0,enumerable:!0,writable:!0};Object.defineProperties(console,{log:E({},e,{value:te}),info:E({},e,{value:ne}),warn:E({},e,{value:ae}),error:E({},e,{value:ie}),group:E({},e,{value:oe}),groupCollapsed:E({},e,{value:ue}),groupEnd:E({},e,{value:se})})}O<0&&d(\"disabledDepth fell below zero. This is a bug in React. Please file an issue.\")}}var M=R.ReactCurrentDispatcher,V;function k(e,r,t){{if(V===void 0)try{throw Error()}catch(o){var n=o.stack.trim().match(/\\n( *(at )?)/);V=n&&n[1]||\"\"}return`\n`+V+e}}var N=!1,D;{var Ue=typeof WeakMap==\"function\"?WeakMap:Map;D=new Ue}function ce(e,r){if(!e||N)return\"\";{var t=D.get(e);if(t!==void 0)return t}var n;N=!0;var o=Error.prepareStackTrace;Error.prepareStackTrace=void 0;var u;u=M.current,M.current=null,Ne();try{if(r){var i=function(){throw Error()};if(Object.defineProperty(i.prototype,\"props\",{set:function(){throw Error()}}),typeof Reflect==\"object\"&&Reflect.construct){try{Reflect.construct(i,[])}catch(p){n=p}Reflect.construct(e,[],i)}else{try{i.call()}catch(p){n=p}e.call(i.prototype)}}else{try{throw Error()}catch(p){n=p}e()}}catch(p){if(p&&n&&typeof p.stack==\"string\"){for(var a=p.stack.split(`\n`),v=n.stack.split(`\n`),c=a.length-1,f=v.length-1;c>=1&&f>=0&&a[c]!==v[f];)f--;for(;c>=1&&f>=0;c--,f--)if(a[c]!==v[f]){if(c!==1||f!==1)do if(c--,f--,f<0||a[c]!==v[f]){var g=`\n`+a[c].replace(\" at new \",\" at \");return e.displayName&&g.includes(\"<anonymous>\")&&(g=g.replace(\"<anonymous>\",e.displayName)),typeof e==\"function\"&&D.set(e,g),g}while(c>=1&&f>=0);break}}}finally{N=!1,M.current=u,Le(),Error.prepareStackTrace=o}var w=e?e.displayName||e.name:\"\",_=w?k(w):\"\";return typeof e==\"function\"&&D.set(e,_),_}function ze(e,r,t){return ce(e,!1)}function Be(e){var r=e.prototype;return!!(r&&r.isReactComponent)}function F(e,r,t){if(e==null)return\"\";if(typeof e==\"function\")return ce(e,Be(e));if(typeof e==\"string\")return k(e);switch(e){case W:return k(\"Suspense\");case Y:return k(\"SuspenseList\")}if(typeof e==\"object\")switch(e.$$typeof){case j:return ze(e.render);case x:return F(e.type,r,t);case $:{var n=e,o=n._payload,u=n._init;try{return F(u(o),r,t)}catch{}}}return\"\"}var P=Object.prototype.hasOwnProperty,fe={},de=R.ReactDebugCurrentFrame;function A(e){if(e){var r=e._owner,t=F(e.type,e._source,r?r.type:null);de.setExtraStackFrame(t)}else de.setExtraStackFrame(null)}function Ke(e,r,t,n,o){{var u=Function.call.bind(P);for(var i in e)if(u(e,i)){var a=void 0;try{if(typeof e[i]!=\"function\"){var v=Error((n||\"React class\")+\": \"+t+\" type `\"+i+\"` is invalid; it must be a function, usually from the `prop-types` package, but received `\"+typeof e[i]+\"`.This often happens because of typos such as `PropTypes.function` instead of `PropTypes.func`.\");throw v.name=\"Invariant Violation\",v}a=e[i](r,i,n,t,null,\"SECRET_DO_NOT_PASS_THIS_OR_YOU_WILL_BE_FIRED\")}catch(c){a=c}a&&!(a instanceof Error)&&(A(o),d(\"%s: type specification of %s `%s` is invalid; the type checker function must return `null` or an `Error` but returned a %s. You may have forgotten to pass an argument to the type checker creator (arrayOf, instanceOf, objectOf, oneOf, oneOfType, and shape all require an argument).\",n||\"React class\",t,i,typeof a),A(null)),a instanceof Error&&!(a.message in fe)&&(fe[a.message]=!0,A(o),d(\"Failed %s type: %s\",t,a.message),A(null))}}}var Ge=Array.isArray;function L(e){return Ge(e)}function Xe(e){{var r=typeof Symbol==\"function\"&&Symbol.toStringTag,t=r&&e[Symbol.toStringTag]||e.constructor.name||\"Object\";return t}}function qe(e){try{return ve(e),!1}catch{return!0}}function ve(e){return\"\"+e}function pe(e){if(qe(e))return d(\"The provided key is an unsupported type %s. This value must be coerced to a string before before using it here.\",Xe(e)),ve(e)}var S=R.ReactCurrentOwner,He={key:!0,ref:!0,__self:!0,__source:!0},ge,be,U;U={};function Je(e){if(P.call(e,\"ref\")){var r=Object.getOwnPropertyDescriptor(e,\"ref\").get;if(r&&r.isReactWarning)return!1}return e.ref!==void 0}function Ze(e){if(P.call(e,\"key\")){var r=Object.getOwnPropertyDescriptor(e,\"key\").get;if(r&&r.isReactWarning)return!1}return e.key!==void 0}function Qe(e,r){if(typeof e.ref==\"string\"&&S.current&&r&&S.current.stateNode!==r){var t=m(S.current.type);U[t]||(d('Component \"%s\" contains the string ref \"%s\". Support for string refs will be removed in a future major release. This case cannot be automatically converted to an arrow function. We ask you to manually fix this case by using useRef() or createRef() instead. Learn more about using refs safely here: https://reactjs.org/link/strict-mode-string-ref',m(S.current.type),e.ref),U[t]=!0)}}function er(e,r){{var t=function(){ge||(ge=!0,d(\"%s: `key` is not a prop. Trying to access it will result in `undefined` being returned. If you need to access the same value within the child component, you should pass it as a different prop. (https://reactjs.org/link/special-props)\",r))};t.isReactWarning=!0,Object.defineProperty(e,\"key\",{get:t,configurable:!0})}}function rr(e,r){{var t=function(){be||(be=!0,d(\"%s: `ref` is not a prop. Trying to access it will result in `undefined` being returned. If you need to access the same value within the child component, you should pass it as a different prop. (https://reactjs.org/link/special-props)\",r))};t.isReactWarning=!0,Object.defineProperty(e,\"ref\",{get:t,configurable:!0})}}var tr=function(e,r,t,n,o,u,i){var a={$$typeof:l,type:e,key:r,ref:t,props:i,_owner:u};return a._store={},Object.defineProperty(a._store,\"validated\",{configurable:!1,enumerable:!1,writable:!0,value:!1}),Object.defineProperty(a,\"_self\",{configurable:!1,enumerable:!1,writable:!1,value:n}),Object.defineProperty(a,\"_source\",{configurable:!1,enumerable:!1,writable:!1,value:o}),Object.freeze&&(Object.freeze(a.props),Object.freeze(a)),a};function nr(e,r,t,n,o){{var u,i={},a=null,v=null;t!==void 0&&(pe(t),a=\"\"+t),Ze(r)&&(pe(r.key),a=\"\"+r.key),Je(r)&&(v=r.ref,Qe(r,o));for(u in r)P.call(r,u)&&!He.hasOwnProperty(u)&&(i[u]=r[u]);if(e&&e.defaultProps){var c=e.defaultProps;for(u in c)i[u]===void 0&&(i[u]=c[u])}if(a||v){var f=typeof e==\"function\"?e.displayName||e.name||\"Unknown\":e;a&&er(i,f),v&&rr(i,f)}return tr(e,a,v,o,n,S.current,i)}}var z=R.ReactCurrentOwner,me=R.ReactDebugCurrentFrame;function T(e){if(e){var r=e._owner,t=F(e.type,e._source,r?r.type:null);me.setExtraStackFrame(t)}else me.setExtraStackFrame(null)}var B;B=!1;function K(e){return typeof e==\"object\"&&e!==null&&e.$$typeof===l}function he(){{if(z.current){var e=m(z.current.type);if(e)return`\n\nCheck the render method of \\``+e+\"`.\"}return\"\"}}function ar(e){{if(e!==void 0){var r=e.fileName.replace(/^.*[\\\\\\/]/,\"\"),t=e.lineNumber;return`\n\nCheck your code at `+r+\":\"+t+\".\"}return\"\"}}var ye={};function ir(e){{var r=he();if(!r){var t=typeof e==\"string\"?e:e.displayName||e.name;t&&(r=`\n\nCheck the top-level render call using <`+t+\">.\")}return r}}function Ee(e,r){{if(!e._store||e._store.validated||e.key!=null)return;e._store.validated=!0;var t=ir(r);if(ye[t])return;ye[t]=!0;var n=\"\";e&&e._owner&&e._owner!==z.current&&(n=\" It was passed a child from \"+m(e._owner.type)+\".\"),T(e),d('Each child in a list should have a unique \"key\" prop.%s%s See https://reactjs.org/link/warning-keys for more information.',t,n),T(null)}}function _e(e,r){{if(typeof e!=\"object\")return;if(L(e))for(var t=0;t<e.length;t++){var n=e[t];K(n)&&Ee(n,r)}else if(K(e))e._store&&(e._store.validated=!0);else if(e){var o=De(e);if(typeof o==\"function\"&&o!==e.entries)for(var u=o.call(e),i;!(i=u.next()).done;)K(i.value)&&Ee(i.value,r)}}}function or(e){{var r=e.type;if(r==null||typeof r==\"string\")return;var t;if(typeof r==\"function\")t=r.propTypes;else if(typeof r==\"object\"&&(r.$$typeof===j||r.$$typeof===x))t=r.propTypes;else return;if(t){var n=m(r);Ke(t,e.props,\"prop\",n,e)}else if(r.PropTypes!==void 0&&!B){B=!0;var o=m(r);d(\"Component %s declared `PropTypes` instead of `propTypes`. Did you misspell the property assignment?\",o||\"Unknown\")}typeof r.getDefaultProps==\"function\"&&!r.getDefaultProps.isReactClassApproved&&d(\"getDefaultProps is only used on classic React.createClass definitions. Use a static property named `defaultProps` instead.\")}}function ur(e){{for(var r=Object.keys(e.props),t=0;t<r.length;t++){var n=r[t];if(n!==\"children\"&&n!==\"key\"){T(e),d(\"Invalid prop `%s` supplied to `React.Fragment`. React.Fragment can only have `key` and `children` props.\",n),T(null);break}}e.ref!==null&&(T(e),d(\"Invalid attribute `ref` supplied to `React.Fragment`.\"),T(null))}}var Re={};function sr(e,r,t,n,o,u){{var i=Me(e);if(!i){var a=\"\";(e===void 0||typeof e==\"object\"&&e!==null&&Object.keys(e).length===0)&&(a+=\" You likely forgot to export your component from the file it's defined in, or you might have mixed up default and named imports.\");var v=ar(o);v?a+=v:a+=he();var c;e===null?c=\"null\":L(e)?c=\"array\":e!==void 0&&e.$$typeof===l?(c=\"<\"+(m(e.type)||\"Unknown\")+\" />\",a=\" Did you accidentally export a JSX literal instead of a component?\"):c=typeof e,d(\"React.jsx: type is invalid -- expected a string (for built-in components) or a class/function (for composite components) but got: %s.%s\",c,a)}var f=nr(e,r,t,o,u);if(f==null)return f;if(i){var g=r.children;if(g!==void 0)if(n)if(L(g)){for(var w=0;w<g.length;w++)_e(g[w],e);Object.freeze&&Object.freeze(g)}else d(\"React.jsx: Static children should always be an array. You are likely explicitly calling React.jsxs or React.jsxDEV. Use the Babel transform instead.\");else _e(g,e)}if(P.call(r,\"key\")){var _=m(e),p=Object.keys(r).filter(function(fr){return fr!==\"key\"}),G=p.length>0?\"{key: someKey, \"+p.join(\": ..., \")+\": ...}\":\"{key: someKey}\";if(!Re[_+G]){var cr=p.length>0?\"{\"+p.join(\": ..., \")+\": ...}\":\"{}\";d(`A props object containing a \"key\" prop is being spread into JSX:\n  let props = %s;\n  <%s {...props} />\nReact keys must be passed directly to JSX without using spread:\n  let props = %s;\n  <%s key={someKey} {...props} />`,G,_,cr,_),Re[_+G]=!0}}return e===y?ur(f):or(f),f}}var lr=sr;q.Fragment=y,q.jsxDEV=lr})()});var Se=X((Pr,Pe)=>{\"use strict\";Pe.exports=Oe()});var Tr={};mr(Tr,{default:()=>Rr,frontmatter:()=>Er});var C=hr(Se()),Er={title:\"Maze_Challenge\",description:\"This is designed and implemented a maze game using Pygame, offers players both manual and automated gameplay option. Automated gameplay requires a search algorithm wrote by player.\",repository:\"GameDevTeams/Maze-Challenge\",date:new Date(16985376e5),published:!0};function je(s){return(0,C.jsxDEV)(C.Fragment,{},void 0,!1,{fileName:\"/home/weiluo/weiluo.com/content/projects/_mdx_bundler_entry_point-68d3a6cd-edcc-48c0-a6c3-ae0ab88794cf.mdx\",lineNumber:1,columnNumber:1},this)}function _r(s={}){let{wrapper:l}=s.components||{};return l?(0,C.jsxDEV)(l,Object.assign({},s,{children:(0,C.jsxDEV)(je,s,void 0,!1,{fileName:\"/home/weiluo/weiluo.com/content/projects/_mdx_bundler_entry_point-68d3a6cd-edcc-48c0-a6c3-ae0ab88794cf.mdx\"},this)}),void 0,!1,{fileName:\"/home/weiluo/weiluo.com/content/projects/_mdx_bundler_entry_point-68d3a6cd-edcc-48c0-a6c3-ae0ab88794cf.mdx\"},this):je(s)}var Rr=_r;return yr(Tr);})();\n/*! Bundled license information:\n\nreact/cjs/react-jsx-dev-runtime.development.js:\n  (**\n   * @license React\n   * react-jsx-dev-runtime.development.js\n   *\n   * Copyright (c) Facebook, Inc. and its affiliates.\n   *\n   * This source code is licensed under the MIT license found in the\n   * LICENSE file in the root directory of this source tree.\n   *)\n*/\n;return Component;"
  },
  "_id": "projects/Maze_Challenge.mdx",
  "_raw": {
    "sourceFilePath": "projects/Maze_Challenge.mdx",
    "sourceFileName": "Maze_Challenge.mdx",
    "sourceFileDir": "projects",
    "contentType": "mdx",
    "flattenedPath": "projects/Maze_Challenge"
  },
  "type": "Project",
  "path": "/projects/Maze_Challenge",
  "slug": "Maze_Challenge"
}