{
  "published": true,
  "title": "Game-Of-Set",
  "description": "It is a Ruby-based Set card game with a GTK3 graphical user interface, it allows you to select and deselect cards by clicking on it.",
  "date": "2023-09-19T00:00:00.000Z",
  "repository": "cse3901-osu-2023au-910/group4-rubyset",
  "body": {
    "raw": "",
    "code": "var Component=(()=>{var dr=Object.create;var I=Object.defineProperty;var vr=Object.getOwnPropertyDescriptor;var pr=Object.getOwnPropertyNames;var br=Object.getPrototypeOf,gr=Object.prototype.hasOwnProperty;var q=(s,l)=>()=>(l||s((l={exports:{}}).exports,l),l.exports),hr=(s,l)=>{for(var g in l)I(s,g,{get:l[g],enumerable:!0})},Te=(s,l,g,m)=>{if(l&&typeof l==\"object\"||typeof l==\"function\")for(let y of pr(l))!gr.call(s,y)&&y!==g&&I(s,y,{get:()=>l[y],enumerable:!(m=vr(l,y))||m.enumerable});return s};var yr=(s,l,g)=>(g=s!=null?dr(br(s)):{},Te(l||!s||!s.__esModule?I(g,\"default\",{value:s,enumerable:!0}):g,s)),mr=s=>Te(I({},\"__esModule\",{value:!0}),s);var Ce=q((Cr,we)=>{we.exports=React});var Oe=q(z=>{\"use strict\";(function(){\"use strict\";var s=Ce(),l=Symbol.for(\"react.element\"),g=Symbol.for(\"react.portal\"),m=Symbol.for(\"react.fragment\"),y=Symbol.for(\"react.strict_mode\"),H=Symbol.for(\"react.profiler\"),J=Symbol.for(\"react.provider\"),Z=Symbol.for(\"react.context\"),j=Symbol.for(\"react.forward_ref\"),W=Symbol.for(\"react.suspense\"),Y=Symbol.for(\"react.suspense_list\"),x=Symbol.for(\"react.memo\"),$=Symbol.for(\"react.lazy\"),xe=Symbol.for(\"react.offscreen\"),Q=Symbol.iterator,ke=\"@@iterator\";function De(e){if(e===null||typeof e!=\"object\")return null;var r=Q&&e[Q]||e[ke];return typeof r==\"function\"?r:null}var R=s.__SECRET_INTERNALS_DO_NOT_USE_OR_YOU_WILL_BE_FIRED;function d(e){{for(var r=arguments.length,t=new Array(r>1?r-1:0),n=1;n<r;n++)t[n-1]=arguments[n];Fe(\"error\",e,t)}}function Fe(e,r,t){{var n=R.ReactDebugCurrentFrame,o=n.getStackAddendum();o!==\"\"&&(r+=\"%s\",t=t.concat([o]));var u=t.map(function(i){return String(i)});u.unshift(\"Warning: \"+r),Function.prototype.apply.call(console[e],console,u)}}var Ae=!1,Ie=!1,We=!1,Ye=!1,$e=!1,ee;ee=Symbol.for(\"react.module.reference\");function Me(e){return!!(typeof e==\"string\"||typeof e==\"function\"||e===m||e===H||$e||e===y||e===W||e===Y||Ye||e===xe||Ae||Ie||We||typeof e==\"object\"&&e!==null&&(e.$$typeof===$||e.$$typeof===x||e.$$typeof===J||e.$$typeof===Z||e.$$typeof===j||e.$$typeof===ee||e.getModuleId!==void 0))}function Ve(e,r,t){var n=e.displayName;if(n)return n;var o=r.displayName||r.name||\"\";return o!==\"\"?t+\"(\"+o+\")\":t}function re(e){return e.displayName||\"Context\"}function h(e){if(e==null)return null;if(typeof e.tag==\"number\"&&d(\"Received an unexpected object in getComponentNameFromType(). This is likely a bug in React. Please file an issue.\"),typeof e==\"function\")return e.displayName||e.name||null;if(typeof e==\"string\")return e;switch(e){case m:return\"Fragment\";case g:return\"Portal\";case H:return\"Profiler\";case y:return\"StrictMode\";case W:return\"Suspense\";case Y:return\"SuspenseList\"}if(typeof e==\"object\")switch(e.$$typeof){case Z:var r=e;return re(r)+\".Consumer\";case J:var t=e;return re(t._context)+\".Provider\";case j:return Ve(e,e.render,\"ForwardRef\");case x:var n=e.displayName||null;return n!==null?n:h(e.type)||\"Memo\";case $:{var o=e,u=o._payload,i=o._init;try{return h(i(u))}catch{return null}}}return null}var E=Object.assign,O=0,te,ne,ae,ie,oe,ue,se;function le(){}le.__reactDisabledLog=!0;function Ne(){{if(O===0){te=console.log,ne=console.info,ae=console.warn,ie=console.error,oe=console.group,ue=console.groupCollapsed,se=console.groupEnd;var e={configurable:!0,enumerable:!0,value:le,writable:!0};Object.defineProperties(console,{info:e,log:e,warn:e,error:e,group:e,groupCollapsed:e,groupEnd:e})}O++}}function Le(){{if(O--,O===0){var e={configurable:!0,enumerable:!0,writable:!0};Object.defineProperties(console,{log:E({},e,{value:te}),info:E({},e,{value:ne}),warn:E({},e,{value:ae}),error:E({},e,{value:ie}),group:E({},e,{value:oe}),groupCollapsed:E({},e,{value:ue}),groupEnd:E({},e,{value:se})})}O<0&&d(\"disabledDepth fell below zero. This is a bug in React. Please file an issue.\")}}var M=R.ReactCurrentDispatcher,V;function k(e,r,t){{if(V===void 0)try{throw Error()}catch(o){var n=o.stack.trim().match(/\\n( *(at )?)/);V=n&&n[1]||\"\"}return`\n`+V+e}}var N=!1,D;{var Ue=typeof WeakMap==\"function\"?WeakMap:Map;D=new Ue}function fe(e,r){if(!e||N)return\"\";{var t=D.get(e);if(t!==void 0)return t}var n;N=!0;var o=Error.prepareStackTrace;Error.prepareStackTrace=void 0;var u;u=M.current,M.current=null,Ne();try{if(r){var i=function(){throw Error()};if(Object.defineProperty(i.prototype,\"props\",{set:function(){throw Error()}}),typeof Reflect==\"object\"&&Reflect.construct){try{Reflect.construct(i,[])}catch(p){n=p}Reflect.construct(e,[],i)}else{try{i.call()}catch(p){n=p}e.call(i.prototype)}}else{try{throw Error()}catch(p){n=p}e()}}catch(p){if(p&&n&&typeof p.stack==\"string\"){for(var a=p.stack.split(`\n`),v=n.stack.split(`\n`),f=a.length-1,c=v.length-1;f>=1&&c>=0&&a[f]!==v[c];)c--;for(;f>=1&&c>=0;f--,c--)if(a[f]!==v[c]){if(f!==1||c!==1)do if(f--,c--,c<0||a[f]!==v[c]){var b=`\n`+a[f].replace(\" at new \",\" at \");return e.displayName&&b.includes(\"<anonymous>\")&&(b=b.replace(\"<anonymous>\",e.displayName)),typeof e==\"function\"&&D.set(e,b),b}while(f>=1&&c>=0);break}}}finally{N=!1,M.current=u,Le(),Error.prepareStackTrace=o}var w=e?e.displayName||e.name:\"\",_=w?k(w):\"\";return typeof e==\"function\"&&D.set(e,_),_}function Ke(e,r,t){return fe(e,!1)}function Be(e){var r=e.prototype;return!!(r&&r.isReactComponent)}function F(e,r,t){if(e==null)return\"\";if(typeof e==\"function\")return fe(e,Be(e));if(typeof e==\"string\")return k(e);switch(e){case W:return k(\"Suspense\");case Y:return k(\"SuspenseList\")}if(typeof e==\"object\")switch(e.$$typeof){case j:return Ke(e.render);case x:return F(e.type,r,t);case $:{var n=e,o=n._payload,u=n._init;try{return F(u(o),r,t)}catch{}}}return\"\"}var S=Object.prototype.hasOwnProperty,ce={},de=R.ReactDebugCurrentFrame;function A(e){if(e){var r=e._owner,t=F(e.type,e._source,r?r.type:null);de.setExtraStackFrame(t)}else de.setExtraStackFrame(null)}function Ge(e,r,t,n,o){{var u=Function.call.bind(S);for(var i in e)if(u(e,i)){var a=void 0;try{if(typeof e[i]!=\"function\"){var v=Error((n||\"React class\")+\": \"+t+\" type `\"+i+\"` is invalid; it must be a function, usually from the `prop-types` package, but received `\"+typeof e[i]+\"`.This often happens because of typos such as `PropTypes.function` instead of `PropTypes.func`.\");throw v.name=\"Invariant Violation\",v}a=e[i](r,i,n,t,null,\"SECRET_DO_NOT_PASS_THIS_OR_YOU_WILL_BE_FIRED\")}catch(f){a=f}a&&!(a instanceof Error)&&(A(o),d(\"%s: type specification of %s `%s` is invalid; the type checker function must return `null` or an `Error` but returned a %s. You may have forgotten to pass an argument to the type checker creator (arrayOf, instanceOf, objectOf, oneOf, oneOfType, and shape all require an argument).\",n||\"React class\",t,i,typeof a),A(null)),a instanceof Error&&!(a.message in ce)&&(ce[a.message]=!0,A(o),d(\"Failed %s type: %s\",t,a.message),A(null))}}}var Xe=Array.isArray;function L(e){return Xe(e)}function qe(e){{var r=typeof Symbol==\"function\"&&Symbol.toStringTag,t=r&&e[Symbol.toStringTag]||e.constructor.name||\"Object\";return t}}function ze(e){try{return ve(e),!1}catch{return!0}}function ve(e){return\"\"+e}function pe(e){if(ze(e))return d(\"The provided key is an unsupported type %s. This value must be coerced to a string before before using it here.\",qe(e)),ve(e)}var P=R.ReactCurrentOwner,He={key:!0,ref:!0,__self:!0,__source:!0},be,ge,U;U={};function Je(e){if(S.call(e,\"ref\")){var r=Object.getOwnPropertyDescriptor(e,\"ref\").get;if(r&&r.isReactWarning)return!1}return e.ref!==void 0}function Ze(e){if(S.call(e,\"key\")){var r=Object.getOwnPropertyDescriptor(e,\"key\").get;if(r&&r.isReactWarning)return!1}return e.key!==void 0}function Qe(e,r){if(typeof e.ref==\"string\"&&P.current&&r&&P.current.stateNode!==r){var t=h(P.current.type);U[t]||(d('Component \"%s\" contains the string ref \"%s\". Support for string refs will be removed in a future major release. This case cannot be automatically converted to an arrow function. We ask you to manually fix this case by using useRef() or createRef() instead. Learn more about using refs safely here: https://reactjs.org/link/strict-mode-string-ref',h(P.current.type),e.ref),U[t]=!0)}}function er(e,r){{var t=function(){be||(be=!0,d(\"%s: `key` is not a prop. Trying to access it will result in `undefined` being returned. If you need to access the same value within the child component, you should pass it as a different prop. (https://reactjs.org/link/special-props)\",r))};t.isReactWarning=!0,Object.defineProperty(e,\"key\",{get:t,configurable:!0})}}function rr(e,r){{var t=function(){ge||(ge=!0,d(\"%s: `ref` is not a prop. Trying to access it will result in `undefined` being returned. If you need to access the same value within the child component, you should pass it as a different prop. (https://reactjs.org/link/special-props)\",r))};t.isReactWarning=!0,Object.defineProperty(e,\"ref\",{get:t,configurable:!0})}}var tr=function(e,r,t,n,o,u,i){var a={$$typeof:l,type:e,key:r,ref:t,props:i,_owner:u};return a._store={},Object.defineProperty(a._store,\"validated\",{configurable:!1,enumerable:!1,writable:!0,value:!1}),Object.defineProperty(a,\"_self\",{configurable:!1,enumerable:!1,writable:!1,value:n}),Object.defineProperty(a,\"_source\",{configurable:!1,enumerable:!1,writable:!1,value:o}),Object.freeze&&(Object.freeze(a.props),Object.freeze(a)),a};function nr(e,r,t,n,o){{var u,i={},a=null,v=null;t!==void 0&&(pe(t),a=\"\"+t),Ze(r)&&(pe(r.key),a=\"\"+r.key),Je(r)&&(v=r.ref,Qe(r,o));for(u in r)S.call(r,u)&&!He.hasOwnProperty(u)&&(i[u]=r[u]);if(e&&e.defaultProps){var f=e.defaultProps;for(u in f)i[u]===void 0&&(i[u]=f[u])}if(a||v){var c=typeof e==\"function\"?e.displayName||e.name||\"Unknown\":e;a&&er(i,c),v&&rr(i,c)}return tr(e,a,v,o,n,P.current,i)}}var K=R.ReactCurrentOwner,he=R.ReactDebugCurrentFrame;function T(e){if(e){var r=e._owner,t=F(e.type,e._source,r?r.type:null);he.setExtraStackFrame(t)}else he.setExtraStackFrame(null)}var B;B=!1;function G(e){return typeof e==\"object\"&&e!==null&&e.$$typeof===l}function ye(){{if(K.current){var e=h(K.current.type);if(e)return`\n\nCheck the render method of \\``+e+\"`.\"}return\"\"}}function ar(e){{if(e!==void 0){var r=e.fileName.replace(/^.*[\\\\\\/]/,\"\"),t=e.lineNumber;return`\n\nCheck your code at `+r+\":\"+t+\".\"}return\"\"}}var me={};function ir(e){{var r=ye();if(!r){var t=typeof e==\"string\"?e:e.displayName||e.name;t&&(r=`\n\nCheck the top-level render call using <`+t+\">.\")}return r}}function Ee(e,r){{if(!e._store||e._store.validated||e.key!=null)return;e._store.validated=!0;var t=ir(r);if(me[t])return;me[t]=!0;var n=\"\";e&&e._owner&&e._owner!==K.current&&(n=\" It was passed a child from \"+h(e._owner.type)+\".\"),T(e),d('Each child in a list should have a unique \"key\" prop.%s%s See https://reactjs.org/link/warning-keys for more information.',t,n),T(null)}}function _e(e,r){{if(typeof e!=\"object\")return;if(L(e))for(var t=0;t<e.length;t++){var n=e[t];G(n)&&Ee(n,r)}else if(G(e))e._store&&(e._store.validated=!0);else if(e){var o=De(e);if(typeof o==\"function\"&&o!==e.entries)for(var u=o.call(e),i;!(i=u.next()).done;)G(i.value)&&Ee(i.value,r)}}}function or(e){{var r=e.type;if(r==null||typeof r==\"string\")return;var t;if(typeof r==\"function\")t=r.propTypes;else if(typeof r==\"object\"&&(r.$$typeof===j||r.$$typeof===x))t=r.propTypes;else return;if(t){var n=h(r);Ge(t,e.props,\"prop\",n,e)}else if(r.PropTypes!==void 0&&!B){B=!0;var o=h(r);d(\"Component %s declared `PropTypes` instead of `propTypes`. Did you misspell the property assignment?\",o||\"Unknown\")}typeof r.getDefaultProps==\"function\"&&!r.getDefaultProps.isReactClassApproved&&d(\"getDefaultProps is only used on classic React.createClass definitions. Use a static property named `defaultProps` instead.\")}}function ur(e){{for(var r=Object.keys(e.props),t=0;t<r.length;t++){var n=r[t];if(n!==\"children\"&&n!==\"key\"){T(e),d(\"Invalid prop `%s` supplied to `React.Fragment`. React.Fragment can only have `key` and `children` props.\",n),T(null);break}}e.ref!==null&&(T(e),d(\"Invalid attribute `ref` supplied to `React.Fragment`.\"),T(null))}}var Re={};function sr(e,r,t,n,o,u){{var i=Me(e);if(!i){var a=\"\";(e===void 0||typeof e==\"object\"&&e!==null&&Object.keys(e).length===0)&&(a+=\" You likely forgot to export your component from the file it's defined in, or you might have mixed up default and named imports.\");var v=ar(o);v?a+=v:a+=ye();var f;e===null?f=\"null\":L(e)?f=\"array\":e!==void 0&&e.$$typeof===l?(f=\"<\"+(h(e.type)||\"Unknown\")+\" />\",a=\" Did you accidentally export a JSX literal instead of a component?\"):f=typeof e,d(\"React.jsx: type is invalid -- expected a string (for built-in components) or a class/function (for composite components) but got: %s.%s\",f,a)}var c=nr(e,r,t,o,u);if(c==null)return c;if(i){var b=r.children;if(b!==void 0)if(n)if(L(b)){for(var w=0;w<b.length;w++)_e(b[w],e);Object.freeze&&Object.freeze(b)}else d(\"React.jsx: Static children should always be an array. You are likely explicitly calling React.jsxs or React.jsxDEV. Use the Babel transform instead.\");else _e(b,e)}if(S.call(r,\"key\")){var _=h(e),p=Object.keys(r).filter(function(cr){return cr!==\"key\"}),X=p.length>0?\"{key: someKey, \"+p.join(\": ..., \")+\": ...}\":\"{key: someKey}\";if(!Re[_+X]){var fr=p.length>0?\"{\"+p.join(\": ..., \")+\": ...}\":\"{}\";d(`A props object containing a \"key\" prop is being spread into JSX:\n  let props = %s;\n  <%s {...props} />\nReact keys must be passed directly to JSX without using spread:\n  let props = %s;\n  <%s key={someKey} {...props} />`,X,_,fr,_),Re[_+X]=!0}}return e===m?ur(c):or(c),c}}var lr=sr;z.Fragment=m,z.jsxDEV=lr})()});var Pe=q((Sr,Se)=>{\"use strict\";Se.exports=Oe()});var Tr={};hr(Tr,{default:()=>Rr,frontmatter:()=>Er});var C=yr(Pe()),Er={title:\"Game-Of-Set\",description:\"It is a Ruby-based Set card game with a GTK3 graphical user interface, it allows you to select and deselect cards by clicking on it.\",repository:\"cse3901-osu-2023au-910/group4-rubyset\",date:new Date(16950816e5),published:!0};function je(s){return(0,C.jsxDEV)(C.Fragment,{},void 0,!1,{fileName:\"/home/weiluo/weiluo.com/content/projects/_mdx_bundler_entry_point-f62e668f-7a22-4acc-8d6d-8940b8d99f71.mdx\",lineNumber:1,columnNumber:1},this)}function _r(s={}){let{wrapper:l}=s.components||{};return l?(0,C.jsxDEV)(l,Object.assign({},s,{children:(0,C.jsxDEV)(je,s,void 0,!1,{fileName:\"/home/weiluo/weiluo.com/content/projects/_mdx_bundler_entry_point-f62e668f-7a22-4acc-8d6d-8940b8d99f71.mdx\"},this)}),void 0,!1,{fileName:\"/home/weiluo/weiluo.com/content/projects/_mdx_bundler_entry_point-f62e668f-7a22-4acc-8d6d-8940b8d99f71.mdx\"},this):je(s)}var Rr=_r;return mr(Tr);})();\n/*! Bundled license information:\n\nreact/cjs/react-jsx-dev-runtime.development.js:\n  (**\n   * @license React\n   * react-jsx-dev-runtime.development.js\n   *\n   * Copyright (c) Facebook, Inc. and its affiliates.\n   *\n   * This source code is licensed under the MIT license found in the\n   * LICENSE file in the root directory of this source tree.\n   *)\n*/\n;return Component;"
  },
  "_id": "projects/Game_Of_Set.mdx",
  "_raw": {
    "sourceFilePath": "projects/Game_Of_Set.mdx",
    "sourceFileName": "Game_Of_Set.mdx",
    "sourceFileDir": "projects",
    "contentType": "mdx",
    "flattenedPath": "projects/Game_Of_Set"
  },
  "type": "Project",
  "path": "/projects/Game_Of_Set",
  "slug": "Game_Of_Set"
}